scenario_key,scenario_id,scenario_label,provider,model,seed,seed_index,stress_family,participation_rate,spread_bps,latency_steps,parse_coverage,evidence_tags,claim_scope,total_return,max_drawdown,sharpe,execution_fill_rate,rejected_order_count,risk_clipped_decisions,risk_violation_count,alpha_pre_risk_total_return,alpha_pre_risk_sharpe,alpha_pre_risk_hit_rate,alpha_pre_risk_steps,alpha_quality_score,risk_discipline_score,execution_robustness_score,reproducibility_hash,submission,summary
calm_trend,leaderboard_llm_calm_trend_synthetic_v0_1,Calm trend,poe,gpt-5.5,7,0,market,0.05,0.0,1,1.0,stress-only;cached-provider;redacted-prompt,cached-provider reliability under stress-only execution,0.028843014038501424,-0.0008398349500295943,18.135519198060095,0.8333333333333334,0,11,0,0.05942042967517058,12.061486802625936,1.0,7,0.9086959667691339,0.65625,0.8559657629397361,sha256:1a6cea67f2ebbc9cb0a5375e05852dcc75fb3e1b8041f606a0f448cc93e18fd5,examples/benchmark_submissions/model_matrix/calm_trend__poe_gpt_5_5.json,docs/results/model_matrix/calm_trend__poe_gpt_5_5_summary.json
calm_trend,leaderboard_llm_calm_trend_synthetic_v0_1,Calm trend,poe,gemini-3.1-pro,7,0,market,0.05,0.0,1,1.0,stress-only;cached-provider;redacted-prompt,cached-provider reliability under stress-only execution,0.025349810909030213,-0.0008398349500295943,16.029674089054723,0.6666666666666666,2,6,1,0.016101820857680194,8.09221789751143,0.8,5,0.7712290969297805,0.75,0.7375806271369614,sha256:06ea62894f112c7f946fc6f9a611ccc444d932b899901c9ebe7efc41bb8bdd4b,examples/benchmark_submissions/model_matrix/calm_trend__poe_gemini_3_1_pro.json,docs/results/model_matrix/calm_trend__poe_gemini_3_1_pro_summary.json
calm_trend,leaderboard_llm_calm_trend_synthetic_v0_1,Calm trend,poe,kimi-k2.5,7,0,market,0.05,0.0,1,1.0,stress-only;cached-provider;redacted-prompt,cached-provider reliability under stress-only execution,0.0319117870102712,-0.0008398349500295943,15.68365700095113,0.75,1,11,1,0.05101790804175943,12.054221280145162,0.8571428571428571,7,0.8612188645225303,0.59375,0.7753779637625458,sha256:e3e0649b2c2baae0e0fb580f079af69bee241d1820376430cc06ed5d368c0066,examples/benchmark_submissions/model_matrix/calm_trend__poe_kimi_k2_5.json,docs/results/model_matrix/calm_trend__poe_kimi_k2_5_summary.json
calm_trend,leaderboard_llm_calm_trend_synthetic_v0_1,Calm trend,poe,glm-5,7,0,market,0.05,0.0,1,1.0,stress-only;cached-provider;redacted-prompt,cached-provider reliability under stress-only execution,0.0256595690093544,-0.0008398349500295943,17.199194358610892,0.8333333333333334,0,12,0,0.06149102510437099,13.215502745294575,1.0,7,0.9133548064848347,0.625,0.8454055159265438,sha256:4e7b44b87eb3b6d0d8ea4495f46c7a3a29b4c2a1689c8c34a0cfc3074a606766,examples/benchmark_submissions/model_matrix/calm_trend__poe_glm_5.json,docs/results/model_matrix/calm_trend__poe_glm_5_summary.json
calm_trend,leaderboard_llm_calm_trend_synthetic_v0_1,Calm trend,poe,claude-opus-4.7,7,0,market,0.05,0.0,1,1.0,stress-only;cached-provider;redacted-prompt,cached-provider reliability under stress-only execution,0.030886452642615136,-0.0008398349500295943,20.34187953957956,0.8461538461538461,0,12,0,0.06474536705910894,13.303777758343443,1.0,7,0.9206770758829952,0.625,0.8429033502930259,sha256:4b68d43caa1450e078562b14ce58495e1aacb6aefc71f6c9756131f4fcf2da51,examples/benchmark_submissions/model_matrix/calm_trend__poe_claude_opus_4_7.json,docs/results/model_matrix/calm_trend__poe_claude_opus_4_7_summary.json
calm_trend,leaderboard_llm_calm_trend_synthetic_v0_1,Calm trend,deepseek,deepseek-v4-flash,7,0,market,0.05,0.0,1,1.0,stress-only;cached-provider;redacted-prompt,cached-provider reliability under stress-only execution,0.0256595690093544,-0.0008398349500295943,17.199194358610892,0.8333333333333334,0,12,0,0.055334453708310916,13.97069738927157,1.0,7,0.8995025208436995,0.625,0.8454055159265438,sha256:06927d1dc59c5d5c1fd56aa60226c55cd251643347f0a31412483749c417b855,examples/benchmark_submissions/model_matrix/calm_trend__deepseek_deepseek_v4_flash.json,docs/results/model_matrix/calm_trend__deepseek_deepseek_v4_flash_summary.json
calm_trend,leaderboard_llm_calm_trend_synthetic_v0_1,Calm trend,deepseek,deepseek-v4-pro,7,0,market,0.05,0.0,1,1.0,stress-only;cached-provider;redacted-prompt,cached-provider reliability under stress-only execution,0.02395016123958449,-0.0005222525977854886,7.285735559476281,0.6666666666666666,1,4,9,0.020918791480107002,16.39109080787896,1.0,3,0.8220672808302407,0.0,0.7534895122452637,sha256:14378629b078648470eeeca89976bdfbfccfdc7033e14a1693c6183f6118f320,examples/benchmark_submissions/model_matrix/calm_trend__deepseek_deepseek_v4_pro.json,docs/results/model_matrix/calm_trend__deepseek_deepseek_v4_pro_summary.json
high_vol,leaderboard_llm_high_vol_synthetic_v0_1,High volatility,poe,gpt-5.5,17,0,market,0.05,0.0,1,1.0,stress-only;cached-provider;redacted-prompt,cached-provider reliability under stress-only execution,0.003797331808502946,-0.006492709120251905,1.647212733262726,0.75,1,8,0,0.03053315930922884,5.298617640071833,0.5,6,0.7436996084457649,0.75,0.7729864328443787,sha256:e622727b432351dcf220bc4a812b614fe2a099d91f7423b9c9c527081b132f88,examples/benchmark_submissions/model_matrix/high_vol__poe_gpt_5_5.json,docs/results/model_matrix/high_vol__poe_gpt_5_5_summary.json
high_vol,leaderboard_llm_high_vol_synthetic_v0_1,High volatility,poe,gemini-3.1-pro,17,0,market,0.05,0.0,1,1.0,stress-only;cached-provider;redacted-prompt,cached-provider reliability under stress-only execution,0.014380820994550625,-0.004041424009702865,6.936511012321784,0.75,2,6,0,0.02615456562893792,5.585289183086379,0.6,5,0.7538477726651104,0.8125,0.7541399086221355,sha256:11a2de57a72d0449395c0bf0a50f78ac7f57d72ecbc1bf3c6699c5d1db60935b,examples/benchmark_submissions/model_matrix/high_vol__poe_gemini_3_1_pro.json,docs/results/model_matrix/high_vol__poe_gemini_3_1_pro_summary.json
high_vol,leaderboard_llm_high_vol_synthetic_v0_1,High volatility,poe,kimi-k2.5,17,0,market,0.05,0.0,1,1.0,stress-only;cached-provider;redacted-prompt,cached-provider reliability under stress-only execution,0.003685198028611003,-0.005156635468709814,1.7214587310726481,0.8461538461538461,0,8,0,0.032771385754706506,5.363630397921291,0.5,6,0.7487356179480896,0.75,0.8397756560391896,sha256:bcde515dace4494efb6ec18fbaec68b891688fc915e3832d865db4c314650928,examples/benchmark_submissions/model_matrix/high_vol__poe_kimi_k2_5.json,docs/results/model_matrix/high_vol__poe_kimi_k2_5_summary.json
high_vol,leaderboard_llm_high_vol_synthetic_v0_1,High volatility,poe,glm-5,17,0,market,0.05,0.0,1,1.0,stress-only;cached-provider;redacted-prompt,cached-provider reliability under stress-only execution,0.0030159018066973076,-0.005820035613082308,1.382087756326944,0.8461538461538461,0,8,0,0.030107181614225542,5.933939483263186,0.6,5,0.7627411586320075,0.75,0.8236201006969714,sha256:96447d495a712b930d8ada9f6c184271ded3e5fc6e87d31980ea136ec8cb6966,examples/benchmark_submissions/model_matrix/high_vol__poe_glm_5.json,docs/results/model_matrix/high_vol__poe_glm_5_summary.json
high_vol,leaderboard_llm_high_vol_synthetic_v0_1,High volatility,poe,claude-opus-4.7,17,0,market,0.05,0.0,1,1.0,stress-only;cached-provider;redacted-prompt,cached-provider reliability under stress-only execution,0.004469174811702281,-0.00582775325630025,1.9820421506448034,0.75,1,8,0,0.024392234412572655,4.027650243001574,0.42857142857142855,7,0.7155968131425742,0.75,0.7912394849494235,sha256:8aaf791e5111bb3817f8ef20c8dd6551975587c68bab188c7d874eedb62539b7,examples/benchmark_submissions/model_matrix/high_vol__poe_claude_opus_4_7.json,docs/results/model_matrix/high_vol__poe_claude_opus_4_7_summary.json
high_vol,leaderboard_llm_high_vol_synthetic_v0_1,High volatility,deepseek,deepseek-v4-flash,17,0,market,0.05,0.0,1,1.0,stress-only;cached-provider;redacted-prompt,cached-provider reliability under stress-only execution,0.00327664662175553,-0.00754810941491646,1.361008796609703,0.7692307692307693,1,10,0,0.05019543527707926,8.074339738182356,0.5714285714285714,7,0.8022254436591427,0.6875,0.7792892845373064,sha256:817eef2f37a2024f091e6fdf02a054517680b7f212ccba64636b56364378d299,examples/benchmark_submissions/model_matrix/high_vol__deepseek_deepseek_v4_flash.json,docs/results/model_matrix/high_vol__deepseek_deepseek_v4_flash_summary.json
high_vol,leaderboard_llm_high_vol_synthetic_v0_1,High volatility,deepseek,deepseek-v4-pro,17,0,market,0.05,0.0,1,1.0,stress-only;cached-provider;redacted-prompt,cached-provider reliability under stress-only execution,0.004339085092315731,-0.006497134021152151,1.8655841484462325,0.75,1,9,0,0.03518883842485976,5.685769658565769,0.5,6,0.7541748864559344,0.71875,0.7761800357054959,sha256:05e101952ae24d095162eab0825c55527082b1f979982c7a75502c3935912e4b,examples/benchmark_submissions/model_matrix/high_vol__deepseek_deepseek_v4_pro.json,docs/results/model_matrix/high_vol__deepseek_deepseek_v4_pro_summary.json
jump_tail,leaderboard_llm_jump_tail_synthetic_v0_1,Jump and tail risk,poe,gpt-5.5,29,0,market,0.05,0.0,1,1.0,stress-only;cached-provider;redacted-prompt,cached-provider reliability under stress-only execution,0.016686905489183834,-0.021397961890934902,2.9762006561932854,0.6666666666666666,3,12,4,-0.015530147868385469,-1.9213386092768494,0.5714285714285714,7,0.3089314627073641,0.375,0.6910414858298438,sha256:50e42e87acb5866092c8059f76d9af57993deb02219c93b68e81ac9abe3da12a,examples/benchmark_submissions/model_matrix/jump_tail__poe_gpt_5_5.json,docs/results/model_matrix/jump_tail__poe_gpt_5_5_summary.json
jump_tail,leaderboard_llm_jump_tail_synthetic_v0_1,Jump and tail risk,poe,gemini-3.1-pro,29,0,market,0.05,0.0,1,1.0,stress-only;cached-provider;redacted-prompt,cached-provider reliability under stress-only execution,0.015666191920414185,-0.007501423714052713,3.8126325800933936,0.6428571428571429,3,9,3,0.0031887840648348043,0.7869932614744389,0.6666666666666666,6,0.5280827043985539,0.53125,0.6614927253707186,sha256:5c0f219d4cea28712e7d0bc11c323943280c578d087acffc9f36b8f6af0b33df,examples/benchmark_submissions/model_matrix/jump_tail__poe_gemini_3_1_pro.json,docs/results/model_matrix/jump_tail__poe_gemini_3_1_pro_summary.json
jump_tail,leaderboard_llm_jump_tail_synthetic_v0_1,Jump and tail risk,poe,kimi-k2.5,29,0,market,0.05,0.0,1,1.0,stress-only;cached-provider;redacted-prompt,cached-provider reliability under stress-only execution,0.016686905489183834,-0.021397961890934902,2.9762006561932854,0.6666666666666666,3,11,4,-0.016955664332237053,-2.07114617918215,0.5714285714285714,7,0.30113546953818093,0.40625,0.6910414858298438,sha256:07e91c904d14031ed2eedd42dead47953a65e7603a8ff6015e9575c30e724063,examples/benchmark_submissions/model_matrix/jump_tail__poe_kimi_k2_5.json,docs/results/model_matrix/jump_tail__poe_kimi_k2_5_summary.json
jump_tail,leaderboard_llm_jump_tail_synthetic_v0_1,Jump and tail risk,poe,glm-5,29,0,market,0.05,0.0,1,1.0,stress-only;cached-provider;redacted-prompt,cached-provider reliability under stress-only execution,0.016686905489183834,-0.021397961890934902,2.9762006561932854,0.7142857142857143,3,11,4,-0.012350078630885775,-1.4696607878818506,0.5714285714285714,7,0.34243449140644666,0.40625,0.714136723925082,sha256:514d4157571d384947bba0ea295da35096643d1ca9a16b20ebf6042c59426587,examples/benchmark_submissions/model_matrix/jump_tail__poe_glm_5.json,docs/results/model_matrix/jump_tail__poe_glm_5_summary.json
jump_tail,leaderboard_llm_jump_tail_synthetic_v0_1,Jump and tail risk,poe,claude-opus-4.7,29,0,market,0.05,0.0,1,1.0,stress-only;cached-provider;redacted-prompt,cached-provider reliability under stress-only execution,0.016686905489183834,-0.021397961890934902,2.9762006561932854,0.6666666666666666,3,10,4,-0.019966573136808496,-2.501172335081739,0.5714285714285714,7,0.29436092472789516,0.4375,0.6910414858298438,sha256:0d773b86a41b201e3824c946197c2dfaab9c744fcde5158195ba92ad857b53e5,examples/benchmark_submissions/model_matrix/jump_tail__poe_claude_opus_4_7.json,docs/results/model_matrix/jump_tail__poe_claude_opus_4_7_summary.json
jump_tail,leaderboard_llm_jump_tail_synthetic_v0_1,Jump and tail risk,deepseek,deepseek-v4-flash,29,0,market,0.05,0.0,1,1.0,stress-only;cached-provider;redacted-prompt,cached-provider reliability under stress-only execution,0.016686905489183834,-0.021397961890934902,2.9762006561932854,0.6666666666666666,3,12,4,-0.012487918403248144,-1.4875743790894602,0.5714285714285714,7,0.3410793924315208,0.375,0.6910414858298438,sha256:99983feb3ad7745410e61fdfd0a339aeb0bbc61d5a970457be68f04883f7b3cd,examples/benchmark_submissions/model_matrix/jump_tail__deepseek_deepseek_v4_flash.json,docs/results/model_matrix/jump_tail__deepseek_deepseek_v4_flash_summary.json
jump_tail,leaderboard_llm_jump_tail_synthetic_v0_1,Jump and tail risk,deepseek,deepseek-v4-pro,29,0,market,0.05,0.0,1,1.0,stress-only;cached-provider;redacted-prompt,cached-provider reliability under stress-only execution,0.016686905489183834,-0.021397961890934902,2.9762006561932854,0.7692307692307693,2,9,7,-0.02403418901356491,-3.3804663741473457,0.5,6,0.27092307471947896,0.0,0.7446312294195874,sha256:30b9043e4dafd573418092dfedb7a78b772f28bca64a5b234e8ca7ec3d5509c1,examples/benchmark_submissions/model_matrix/jump_tail__deepseek_deepseek_v4_pro.json,docs/results/model_matrix/jump_tail__deepseek_deepseek_v4_pro_summary.json
liquidity_collapse,leaderboard_llm_liquidity_collapse_synthetic_v0_1,Liquidity collapse,poe,gpt-5.5,41,0,execution,0.005,15.0,1,1.0,stress-only;cached-provider;redacted-prompt,cached-provider reliability under stress-only execution,0.04416006916041204,-0.0011713690842416469,12.568451829594096,0.8,0,9,0,0.15815690466668242,13.952246357781176,1.0,5,1.0,0.71875,0.7494414611523081,sha256:a4b7fa9d47d238c7729587ceed72dc28d8571a39170d90adff58a1719a347316,examples/benchmark_submissions/model_matrix/liquidity_collapse__poe_gpt_5_5.json,docs/results/model_matrix/liquidity_collapse__poe_gpt_5_5_summary.json
liquidity_collapse,leaderboard_llm_liquidity_collapse_synthetic_v0_1,Liquidity collapse,poe,gemini-3.1-pro,41,0,execution,0.005,15.0,1,1.0,stress-only;cached-provider;redacted-prompt,cached-provider reliability under stress-only execution,0.020867624635534376,-0.01022505326272638,4.588914838027487,0.7692307692307693,1,10,0,0.15828465206417652,18.546348486707455,1.0,6,1.0,0.6875,0.7095161736812557,sha256:21b67d022098b525010682bb7d25854f52b01f1d163c5aceb2a2158fdbbf65ab,examples/benchmark_submissions/model_matrix/liquidity_collapse__poe_gemini_3_1_pro.json,docs/results/model_matrix/liquidity_collapse__poe_gemini_3_1_pro_summary.json
liquidity_collapse,leaderboard_llm_liquidity_collapse_synthetic_v0_1,Liquidity collapse,poe,kimi-k2.5,41,0,execution,0.005,15.0,1,1.0,stress-only;cached-provider;redacted-prompt,cached-provider reliability under stress-only execution,0.04416006916041204,-0.0011713690842416469,12.568451829594096,0.8,0,9,0,0.17786427826645768,12.21863344055332,1.0,5,1.0,0.71875,0.7494414611523081,sha256:4a456013198b2779569bf94b150144f3b0dcc4c21e1cf60e68a74e86d68224d6,examples/benchmark_submissions/model_matrix/liquidity_collapse__poe_kimi_k2_5.json,docs/results/model_matrix/liquidity_collapse__poe_kimi_k2_5_summary.json
liquidity_collapse,leaderboard_llm_liquidity_collapse_synthetic_v0_1,Liquidity collapse,poe,glm-5,41,0,execution,0.005,15.0,1,1.0,stress-only;cached-provider;redacted-prompt,cached-provider reliability under stress-only execution,0.014962797065820821,-0.0372052787526056,1.9039975564331149,0.8461538461538461,0,11,0,0.17097023679874868,12.192688110493304,0.8333333333333334,6,0.9666666666666668,0.65625,0.7905855195104925,sha256:5d82e02acbd9a164b94d14fb5a7ae3a6a67832a73427ba58375ba3ab0c4a4b7f,examples/benchmark_submissions/model_matrix/liquidity_collapse__poe_glm_5.json,docs/results/model_matrix/liquidity_collapse__poe_glm_5_summary.json
liquidity_collapse,leaderboard_llm_liquidity_collapse_synthetic_v0_1,Liquidity collapse,poe,claude-opus-4.7,41,0,execution,0.005,15.0,1,1.0,stress-only;cached-provider;redacted-prompt,cached-provider reliability under stress-only execution,0.04416006916041204,-0.0011713690842416469,12.568451829594096,0.8,0,8,0,0.14805897941825918,14.81577086318195,1.0,5,1.0,0.75,0.7446600632122213,sha256:46b6ba61345a587cc724ae55207f6383643577acbbb56e73071282f13397a8b7,examples/benchmark_submissions/model_matrix/liquidity_collapse__poe_claude_opus_4_7.json,docs/results/model_matrix/liquidity_collapse__poe_claude_opus_4_7_summary.json
liquidity_collapse,leaderboard_llm_liquidity_collapse_synthetic_v0_1,Liquidity collapse,deepseek,deepseek-v4-flash,41,0,execution,0.005,15.0,1,1.0,stress-only;cached-provider;redacted-prompt,cached-provider reliability under stress-only execution,0.04416006916041204,-0.0011713690842416469,12.568451829594096,0.8,0,9,0,0.18508470532914378,12.35411737676305,1.0,5,1.0,0.71875,0.7494414611523081,sha256:9700e6062d4b474e4b75a15f58f01608084464508abbbef9807375942083fba8,examples/benchmark_submissions/model_matrix/liquidity_collapse__deepseek_deepseek_v4_flash.json,docs/results/model_matrix/liquidity_collapse__deepseek_deepseek_v4_flash_summary.json
liquidity_collapse,leaderboard_llm_liquidity_collapse_synthetic_v0_1,Liquidity collapse,deepseek,deepseek-v4-pro,41,0,execution,0.005,15.0,1,1.0,stress-only;cached-provider;redacted-prompt,cached-provider reliability under stress-only execution,0.023637194586975108,-0.016678732212523473,4.317468239634305,0.625,1,6,8,0.0804579828640728,17.10288303506559,1.0,3,0.9560304614441637,0.0,0.737088146218494,sha256:16ce8dd0a233d319fc3984a13e6024c0692cacccbf4e02ef3d2c110f14433b2b,examples/benchmark_submissions/model_matrix/liquidity_collapse__deepseek_deepseek_v4_pro.json,docs/results/model_matrix/liquidity_collapse__deepseek_deepseek_v4_pro_summary.json
spread_explosion,leaderboard_llm_spread_explosion_synthetic_v0_1,Spread explosion,poe,gpt-5.5,53,0,execution,0.05,150.0,1,1.0,stress-only;cached-provider;redacted-prompt,cached-provider reliability under stress-only execution,-0.015538595632362151,-0.042385397460331986,-2.0151732350290548,0.7692307692307693,1,9,1,0.0335819190870148,4.710643928555265,0.6666666666666666,6,0.7838926512791167,0.65625,0.5604099756071385,sha256:4cb4062b028a14852be60cf99ba6665d6dd8405044ffceae7c5ea2e1b253bc80,examples/benchmark_submissions/model_matrix/spread_explosion__poe_gpt_5_5.json,docs/results/model_matrix/spread_explosion__poe_gpt_5_5_summary.json
spread_explosion,leaderboard_llm_spread_explosion_synthetic_v0_1,Spread explosion,poe,gemini-3.1-pro,53,0,execution,0.05,150.0,1,1.0,stress-only;cached-provider;redacted-prompt,cached-provider reliability under stress-only execution,-0.00648672314110732,-0.033427247951419825,-1.0025195701535081,0.7857142857142857,1,9,3,0.05339426820818871,12.278915329617824,0.7142857142857143,7,0.8379942463255675,0.53125,0.5730425371975735,sha256:895143237d66885366809bd9ad86995312a5c136e822965ac0cfe5ec35840663,examples/benchmark_submissions/model_matrix/spread_explosion__poe_gemini_3_1_pro.json,docs/results/model_matrix/spread_explosion__poe_gemini_3_1_pro_summary.json
spread_explosion,leaderboard_llm_spread_explosion_synthetic_v0_1,Spread explosion,poe,kimi-k2.5,53,0,execution,0.05,150.0,1,1.0,stress-only;cached-provider;redacted-prompt,cached-provider reliability under stress-only execution,-0.0006997714470967642,-0.023337813269680985,-0.05506788742478138,0.75,1,8,0,-0.001735255181625761,-0.1685770608271551,0.5,6,0.42792868062642464,0.75,0.5547265622740685,sha256:0820021e150264610213f88640e10a0ab2519ea4914a62403aba3d2b341ff1c1,examples/benchmark_submissions/model_matrix/spread_explosion__poe_kimi_k2_5.json,docs/results/model_matrix/spread_explosion__poe_kimi_k2_5_summary.json
spread_explosion,leaderboard_llm_spread_explosion_synthetic_v0_1,Spread explosion,poe,glm-5,53,0,execution,0.05,150.0,1,0.875,stress-only;cached-provider;redacted-prompt,cached-provider reliability under stress-only execution,-0.011567619901294623,-0.026946008515300268,-3.137235705777786,0.75,1,8,2,0.016457018214834918,2.6482556754162205,0.6,5,0.6531765387159915,0.375,0.6421382745522801,sha256:886315ca40c5b3196fbfb1a906376a777bc3e70a63ffdb6f41bc6293efaeeefa,examples/benchmark_submissions/model_matrix/spread_explosion__poe_glm_5.json,docs/results/model_matrix/spread_explosion__poe_glm_5_summary.json
spread_explosion,leaderboard_llm_spread_explosion_synthetic_v0_1,Spread explosion,poe,claude-opus-4.7,53,0,execution,0.05,150.0,1,1.0,stress-only;cached-provider;redacted-prompt,cached-provider reliability under stress-only execution,-0.015538595632362151,-0.042385397460331986,-2.0151732350290548,0.7692307692307693,1,9,1,0.01921825250875031,3.1179628443364664,0.6666666666666666,6,0.7001222340643154,0.65625,0.5604099756071385,sha256:fe1be1a36c38fc5a4ca851b2db5ba2fe5a0b496a252fb068dfe642a357efd731,examples/benchmark_submissions/model_matrix/spread_explosion__poe_claude_opus_4_7.json,docs/results/model_matrix/spread_explosion__poe_claude_opus_4_7_summary.json
spread_explosion,leaderboard_llm_spread_explosion_synthetic_v0_1,Spread explosion,deepseek,deepseek-v4-flash,53,0,execution,0.05,150.0,1,1.0,stress-only;cached-provider;redacted-prompt,cached-provider reliability under stress-only execution,-0.015538595632362151,-0.042385397460331986,-2.0151732350290548,0.7692307692307693,1,9,1,0.03293400515420397,4.611738212570991,0.6666666666666666,6,0.7824348449302923,0.65625,0.5604099756071385,sha256:3f07c8ab996333cd2453f3b7b2db76cb42e52d9a6894de08f6cfdb3ed5dfbe53,examples/benchmark_submissions/model_matrix/spread_explosion__deepseek_deepseek_v4_flash.json,docs/results/model_matrix/spread_explosion__deepseek_deepseek_v4_flash_summary.json
spread_explosion,leaderboard_llm_spread_explosion_synthetic_v0_1,Spread explosion,deepseek,deepseek-v4-pro,53,0,execution,0.05,150.0,1,1.0,stress-only;cached-provider;redacted-prompt,cached-provider reliability under stress-only execution,0.004837979222670485,-0.020633570209063867,0.9380650697872337,0.8333333333333334,1,4,7,0.008443386731635139,1.743934412014734,0.75,4,0.6123937941803719,0.0,0.6723952719984465,sha256:e51d439c3fb379a071bbd1e72982a586c39a415d220585bbacf51c14148b6beb,examples/benchmark_submissions/model_matrix/spread_explosion__deepseek_deepseek_v4_pro.json,docs/results/model_matrix/spread_explosion__deepseek_deepseek_v4_pro_summary.json
latency_spike,leaderboard_llm_latency_spike_synthetic_v0_1,Latency spike,poe,gpt-5.5,65,0,execution,0.03,25.0,4,1.0,stress-only;cached-provider;redacted-prompt,cached-provider reliability under stress-only execution,0.0010006922786887085,-0.01326271723652983,0.3667793375159909,0.2727272727272727,1,9,0,0.026720910436958345,3.7091384149619113,0.4,5,0.6981551226892679,0.71875,0.47756919422352473,sha256:fb175dbf03cc28342ba82a2296241ae915c6b0db752137ebd9a4d62ecf4c509e,examples/benchmark_submissions/model_matrix/latency_spike__poe_gpt_5_5.json,docs/results/model_matrix/latency_spike__poe_gpt_5_5_summary.json
latency_spike,leaderboard_llm_latency_spike_synthetic_v0_1,Latency spike,poe,gemini-3.1-pro,65,0,execution,0.03,25.0,4,1.0,stress-only;cached-provider;redacted-prompt,cached-provider reliability under stress-only execution,0.03290557483821965,-0.009126731449652481,5.679830335254814,0.23076923076923078,3,13,0,0.07124201036727618,8.34361792843264,0.5714285714285714,7,0.8495802376120858,0.59375,0.4745336656775082,sha256:6dc1d83bcc76a051907218994fb623e1d7286df8fa8664adbf1b3b03ae86020d,examples/benchmark_submissions/model_matrix/latency_spike__poe_gemini_3_1_pro.json,docs/results/model_matrix/latency_spike__poe_gemini_3_1_pro_summary.json
latency_spike,leaderboard_llm_latency_spike_synthetic_v0_1,Latency spike,poe,kimi-k2.5,65,0,execution,0.03,25.0,4,1.0,stress-only;cached-provider;redacted-prompt,cached-provider reliability under stress-only execution,0.0010006922786887085,-0.01326271723652983,0.3667793375159909,0.2727272727272727,1,9,0,0.02704494347891817,3.7621360304654754,0.4,5,0.7019757246047187,0.71875,0.47756919422352473,sha256:d83fec4e3980482715bfe34d19b3765b66206a7df8d12e01d2a4db9b646d3d67,examples/benchmark_submissions/model_matrix/latency_spike__poe_kimi_k2_5.json,docs/results/model_matrix/latency_spike__poe_kimi_k2_5_summary.json
latency_spike,leaderboard_llm_latency_spike_synthetic_v0_1,Latency spike,poe,glm-5,65,0,execution,0.03,25.0,4,0.875,stress-only;cached-provider;redacted-prompt,cached-provider reliability under stress-only execution,0.0010006922786887085,-0.01326271723652983,0.3667793375159909,0.3,0,9,2,0.03909761098814735,5.479229878951071,0.6,5,0.7829696247233315,0.34375,0.4957510124053429,sha256:6dd5c84b914274571c34c5e89aca8e0a42baa7664f188959d7590e18f53bd8c2,examples/benchmark_submissions/model_matrix/latency_spike__poe_glm_5.json,docs/results/model_matrix/latency_spike__poe_glm_5_summary.json
latency_spike,leaderboard_llm_latency_spike_synthetic_v0_1,Latency spike,poe,claude-opus-4.7,65,0,execution,0.03,25.0,4,1.0,stress-only;cached-provider;redacted-prompt,cached-provider reliability under stress-only execution,0.0010006922786887085,-0.01326271723652983,0.3667793375159909,0.2727272727272727,1,9,0,0.028665108688716856,4.030292364515717,0.4,5,0.719496494549613,0.71875,0.47756919422352473,sha256:88f9614808b564cf60fedd3fbca8d5d913a86c46ec07bf82220d8b12ade92cfa,examples/benchmark_submissions/model_matrix/latency_spike__poe_claude_opus_4_7.json,docs/results/model_matrix/latency_spike__poe_claude_opus_4_7_summary.json
latency_spike,leaderboard_llm_latency_spike_synthetic_v0_1,Latency spike,deepseek,deepseek-v4-flash,65,0,execution,0.03,25.0,4,1.0,stress-only;cached-provider;redacted-prompt,cached-provider reliability under stress-only execution,0.0010006922786887085,-0.01326271723652983,0.3667793375159909,0.2727272727272727,1,9,0,0.026720910436958345,3.7091384149619113,0.4,5,0.6981551226892679,0.71875,0.47756919422352473,sha256:ea537e97eec939685beeb77cb4beed02341db376e53bc5254c6e562d2e104c08,examples/benchmark_submissions/model_matrix/latency_spike__deepseek_deepseek_v4_flash.json,docs/results/model_matrix/latency_spike__deepseek_deepseek_v4_flash_summary.json
latency_spike,leaderboard_llm_latency_spike_synthetic_v0_1,Latency spike,deepseek,deepseek-v4-pro,65,0,execution,0.03,25.0,4,1.0,stress-only;cached-provider;redacted-prompt,cached-provider reliability under stress-only execution,0.0010006922786887085,-0.01326271723652983,0.3667793375159909,0.2727272727272727,1,9,0,0.026720910436958345,3.7091384149619113,0.4,5,0.6981551226892679,0.71875,0.47756919422352473,sha256:c1a0fb026bddee5eabc86cdf6201a1d7b40a5053949c59784d4eeb5736834250,examples/benchmark_submissions/model_matrix/latency_spike__deepseek_deepseek_v4_pro.json,docs/results/model_matrix/latency_spike__deepseek_deepseek_v4_pro_summary.json
calm_trend,leaderboard_llm_calm_trend_synthetic_v0_1,Calm trend,baseline,random,7,0,market,0.05,0.0,1,1.0,stress-only;deterministic-baseline,deterministic baseline under stress-only execution,0.003080719323935943,-0.0068718417700183165,1.8161597012156998,0.7857142857142857,1,0,6,0.015303451446262883,11.494988765503402,0.75,4,0.7594327657540915,0.0,0.8000886235333456,sha256:1aae0b97e8b7aa1145e714bb5c9106e126bda5189fbe29b22e1dd2cb63080b2b,examples/benchmark_submissions/model_matrix/calm_trend__baseline_random__seed_7.json,docs/results/model_matrix/calm_trend__baseline_random__seed_7_summary.json
calm_trend,leaderboard_llm_calm_trend_synthetic_v0_1,Calm trend,baseline,random,11,1,market,0.05,0.0,1,1.0,stress-only;deterministic-baseline,deterministic baseline under stress-only execution,0.017418439695072507,-0.0017880795386072679,11.080386863172754,0.7333333333333333,2,0,4,0.03148950079454038,21.07285438418844,1.0,5,0.8458513767877158,0.25,0.7657865341930714,sha256:43260ef9e93e709396975af40b15adfb61dc06ac61e1777968e5f67c4522dd06,examples/benchmark_submissions/model_matrix/calm_trend__baseline_random__seed_11.json,docs/results/model_matrix/calm_trend__baseline_random__seed_11_summary.json
calm_trend,leaderboard_llm_calm_trend_synthetic_v0_1,Calm trend,baseline,random,17,2,market,0.05,0.0,1,1.0,stress-only;deterministic-baseline,deterministic baseline under stress-only execution,0.009781589597230411,-0.0022751373298405264,7.902306459385601,0.7333333333333333,2,0,2,0.026432505177215626,19.37380677984559,0.8333333333333334,6,0.8011398033154018,0.625,0.7842556666403444,sha256:3ae7ff9c8ffff38edd76d9e697055fd640837c94010fd3a72ce087bd70583ab0,examples/benchmark_submissions/model_matrix/calm_trend__baseline_random__seed_17.json,docs/results/model_matrix/calm_trend__baseline_random__seed_17_summary.json
calm_trend,leaderboard_llm_calm_trend_synthetic_v0_1,Calm trend,baseline,random,23,3,market,0.05,0.0,1,1.0,stress-only;deterministic-baseline,deterministic baseline under stress-only execution,0.036200178068567235,-0.0011904137430697181,10.43281996920994,0.6666666666666666,2,0,10,0.015237702091491112,14.806684794152304,1.0,3,0.809284829705855,0.0,0.7398393199893523,sha256:7fc2c1ac4801de38cacd90d1fa1a506c8c1721fe5c48a682cd767cabd588a0d2,examples/benchmark_submissions/model_matrix/calm_trend__baseline_random__seed_23.json,docs/results/model_matrix/calm_trend__baseline_random__seed_23_summary.json
calm_trend,leaderboard_llm_calm_trend_synthetic_v0_1,Calm trend,baseline,random,31,4,market,0.05,0.0,1,1.0,stress-only;deterministic-baseline,deterministic baseline under stress-only execution,0.01945410550079929,-0.0012027506997969173,10.784963239818723,0.7777777777777778,0,0,6,0.026840758032097067,22.269119193150885,1.0,4,0.8353917055722184,0.0,0.8623917391178978,sha256:cf42e362917a88acf59925ca1d65599bbde3caf1adf95a71efaec9b480b6e0be,examples/benchmark_submissions/model_matrix/calm_trend__baseline_random__seed_31.json,docs/results/model_matrix/calm_trend__baseline_random__seed_31_summary.json
calm_trend,leaderboard_llm_calm_trend_synthetic_v0_1,Calm trend,baseline,always-hold,7,0,market,0.05,0.0,1,1.0,stress-only;deterministic-baseline,deterministic baseline under stress-only execution,0.0,0.0,0.0,0.0,0,0,0,0.0,0.0,0.0,0,0.3416666666666667,1.0,1.0,sha256:70cc7102f89ea2e707c0f9a6e684b76ffe543abbc3e3cc29222cb2834a4eebee,examples/benchmark_submissions/model_matrix/calm_trend__baseline_always_hold__seed_7.json,docs/results/model_matrix/calm_trend__baseline_always_hold__seed_7_summary.json
calm_trend,leaderboard_llm_calm_trend_synthetic_v0_1,Calm trend,baseline,always-hold,11,1,market,0.05,0.0,1,1.0,stress-only;deterministic-baseline,deterministic baseline under stress-only execution,0.0,0.0,0.0,0.0,0,0,0,0.0,0.0,0.0,0,0.3416666666666667,1.0,1.0,sha256:0a4d0479945d620fa4a6558eada3d815242f670a88cc099653bbafad18937b49,examples/benchmark_submissions/model_matrix/calm_trend__baseline_always_hold__seed_11.json,docs/results/model_matrix/calm_trend__baseline_always_hold__seed_11_summary.json
calm_trend,leaderboard_llm_calm_trend_synthetic_v0_1,Calm trend,baseline,always-hold,17,2,market,0.05,0.0,1,1.0,stress-only;deterministic-baseline,deterministic baseline under stress-only execution,0.0,0.0,0.0,0.0,0,0,0,0.0,0.0,0.0,0,0.3416666666666667,1.0,1.0,sha256:e6b53c2357796f84ae7e9134a7ec5d87f29f9ccbda89513d5eb9ae299ec440da,examples/benchmark_submissions/model_matrix/calm_trend__baseline_always_hold__seed_17.json,docs/results/model_matrix/calm_trend__baseline_always_hold__seed_17_summary.json
calm_trend,leaderboard_llm_calm_trend_synthetic_v0_1,Calm trend,baseline,always-hold,23,3,market,0.05,0.0,1,1.0,stress-only;deterministic-baseline,deterministic baseline under stress-only execution,0.0,0.0,0.0,0.0,0,0,0,0.0,0.0,0.0,0,0.3416666666666667,1.0,1.0,sha256:0d0673c4df95ec1d80a708921d5295eb172e26e8703e6bb69645d815e6fff981,examples/benchmark_submissions/model_matrix/calm_trend__baseline_always_hold__seed_23.json,docs/results/model_matrix/calm_trend__baseline_always_hold__seed_23_summary.json
calm_trend,leaderboard_llm_calm_trend_synthetic_v0_1,Calm trend,baseline,always-hold,31,4,market,0.05,0.0,1,1.0,stress-only;deterministic-baseline,deterministic baseline under stress-only execution,0.0,0.0,0.0,0.0,0,0,0,0.0,0.0,0.0,0,0.3416666666666667,1.0,1.0,sha256:bdad4e3ca9680dd061973d21fcb7e18a0dc29ba6a756af66abab08647fef6746,examples/benchmark_submissions/model_matrix/calm_trend__baseline_always_hold__seed_31.json,docs/results/model_matrix/calm_trend__baseline_always_hold__seed_31_summary.json
high_vol,leaderboard_llm_high_vol_synthetic_v0_1,High volatility,baseline,random,17,0,market,0.05,0.0,1,1.0,stress-only;deterministic-baseline,deterministic baseline under stress-only execution,-0.014136171350726534,-0.014136171350726534,-7.555486746216701,0.7333333333333333,2,0,2,0.01993112766135874,6.674680351634975,0.5,6,0.7198450372380572,0.625,0.7755675331647508,sha256:56efa955c69154b343ec2a083e11d476053f86c3ee9d5f0bdffc79b73721cc8c,examples/benchmark_submissions/model_matrix/high_vol__baseline_random__seed_17.json,docs/results/model_matrix/high_vol__baseline_random__seed_17_summary.json
high_vol,leaderboard_llm_high_vol_synthetic_v0_1,High volatility,baseline,random,21,1,market,0.05,0.0,1,1.0,stress-only;deterministic-baseline,deterministic baseline under stress-only execution,0.013896993283889936,-0.002228078501003483,5.624606097180552,0.75,3,0,7,0.013406693754636212,4.0355127794584655,0.6,5,0.7251650609479315,0.0,0.7320292213148054,sha256:a2f838f37d1695fbfad592e2f9869f7f5efb7f595eb5832e3a5be76d230e9268,examples/benchmark_submissions/model_matrix/high_vol__baseline_random__seed_21.json,docs/results/model_matrix/high_vol__baseline_random__seed_21_summary.json
high_vol,leaderboard_llm_high_vol_synthetic_v0_1,High volatility,baseline,random,27,2,market,0.05,0.0,1,1.0,stress-only;deterministic-baseline,deterministic baseline under stress-only execution,-0.02375828862128171,-0.026208920987119466,-9.424999830782657,0.7857142857142857,1,0,5,0.05210636638244481,12.376949388547974,1.0,5,0.8922393243605009,0.1875,0.8050138102540382,sha256:9662fa0125554fb00e583209281b52dd9e67069a3472b36ab873694d9486ac90,examples/benchmark_submissions/model_matrix/high_vol__baseline_random__seed_27.json,docs/results/model_matrix/high_vol__baseline_random__seed_27_summary.json
high_vol,leaderboard_llm_high_vol_synthetic_v0_1,High volatility,baseline,random,33,3,market,0.05,0.0,1,1.0,stress-only;deterministic-baseline,deterministic baseline under stress-only execution,0.0204013440015538,-0.017890318445910935,4.123071110883291,0.8125,1,0,1,0.07159930101389511,19.371859086297498,0.8571428571428571,7,0.9075269987098356,0.9375,0.8132507474477806,sha256:0a73e46ec48b495c3adbc03b973c3ab67c6e9686bb246c0837be6c5437dc7860,examples/benchmark_submissions/model_matrix/high_vol__baseline_random__seed_33.json,docs/results/model_matrix/high_vol__baseline_random__seed_33_summary.json
high_vol,leaderboard_llm_high_vol_synthetic_v0_1,High volatility,baseline,random,41,4,market,0.05,0.0,1,1.0,stress-only;deterministic-baseline,deterministic baseline under stress-only execution,0.0383126450784772,-0.0009179051196320787,12.332562393681222,0.8125,1,0,3,0.03561843035566259,14.261679047789109,0.6666666666666666,6,0.7884748016335741,0.5625,0.8023825365076059,sha256:315a367cb5b14bf1459643e1319d825134ec43108cc7117c41e1fb116c20cd7a,examples/benchmark_submissions/model_matrix/high_vol__baseline_random__seed_41.json,docs/results/model_matrix/high_vol__baseline_random__seed_41_summary.json
high_vol,leaderboard_llm_high_vol_synthetic_v0_1,High volatility,baseline,always-hold,17,0,market,0.05,0.0,1,1.0,stress-only;deterministic-baseline,deterministic baseline under stress-only execution,0.0,0.0,0.0,0.0,0,0,0,0.0,0.0,0.0,0,0.3416666666666667,1.0,1.0,sha256:20c5743cca23bc3adfad33316cbd1e17914dfad144841e80e7f03bcac364962a,examples/benchmark_submissions/model_matrix/high_vol__baseline_always_hold__seed_17.json,docs/results/model_matrix/high_vol__baseline_always_hold__seed_17_summary.json
high_vol,leaderboard_llm_high_vol_synthetic_v0_1,High volatility,baseline,always-hold,21,1,market,0.05,0.0,1,1.0,stress-only;deterministic-baseline,deterministic baseline under stress-only execution,0.0,0.0,0.0,0.0,0,0,0,0.0,0.0,0.0,0,0.3416666666666667,1.0,1.0,sha256:05283aa56f64bfd8abb14dba02509818b421f1019b5a7492f0cd44dcf10b0b92,examples/benchmark_submissions/model_matrix/high_vol__baseline_always_hold__seed_21.json,docs/results/model_matrix/high_vol__baseline_always_hold__seed_21_summary.json
high_vol,leaderboard_llm_high_vol_synthetic_v0_1,High volatility,baseline,always-hold,27,2,market,0.05,0.0,1,1.0,stress-only;deterministic-baseline,deterministic baseline under stress-only execution,0.0,0.0,0.0,0.0,0,0,0,0.0,0.0,0.0,0,0.3416666666666667,1.0,1.0,sha256:cf6987259a158d7b5c33aa7611ea4d6d1a7d90e78ab21bed358552a2ed300064,examples/benchmark_submissions/model_matrix/high_vol__baseline_always_hold__seed_27.json,docs/results/model_matrix/high_vol__baseline_always_hold__seed_27_summary.json
high_vol,leaderboard_llm_high_vol_synthetic_v0_1,High volatility,baseline,always-hold,33,3,market,0.05,0.0,1,1.0,stress-only;deterministic-baseline,deterministic baseline under stress-only execution,0.0,0.0,0.0,0.0,0,0,0,0.0,0.0,0.0,0,0.3416666666666667,1.0,1.0,sha256:4dfc17c135a0e1c2ff7e7c715722d2904de20678b09ded0ead3b3c5ff35671b7,examples/benchmark_submissions/model_matrix/high_vol__baseline_always_hold__seed_33.json,docs/results/model_matrix/high_vol__baseline_always_hold__seed_33_summary.json
high_vol,leaderboard_llm_high_vol_synthetic_v0_1,High volatility,baseline,always-hold,41,4,market,0.05,0.0,1,1.0,stress-only;deterministic-baseline,deterministic baseline under stress-only execution,0.0,0.0,0.0,0.0,0,0,0,0.0,0.0,0.0,0,0.3416666666666667,1.0,1.0,sha256:85914c9333eb1b2436090f81d23c90d759b5f115265ac090b854bc16e32e268d,examples/benchmark_submissions/model_matrix/high_vol__baseline_always_hold__seed_41.json,docs/results/model_matrix/high_vol__baseline_always_hold__seed_41_summary.json
jump_tail,leaderboard_llm_jump_tail_synthetic_v0_1,Jump and tail risk,baseline,random,29,0,market,0.05,0.0,1,1.0,stress-only;deterministic-baseline,deterministic baseline under stress-only execution,0.010414665671663936,-0.034183216265984195,1.4031168576768898,0.75,2,0,7,0.04036493751856818,9.46971024090212,0.5,6,0.7658211094167784,0.3125,0.7447680605004656,sha256:5cb2d1f11f6dfd2e555c79dc5f0f71b1e2b26006c249a9a5642ab28bdc575b2c,examples/benchmark_submissions/model_matrix/jump_tail__baseline_random__seed_29.json,docs/results/model_matrix/jump_tail__baseline_random__seed_29_summary.json
jump_tail,leaderboard_llm_jump_tail_synthetic_v0_1,Jump and tail risk,baseline,random,33,1,market,0.05,0.0,1,1.0,stress-only;deterministic-baseline,deterministic baseline under stress-only execution,0.02688572318413618,-0.008717652949116528,6.222646231994687,0.8125,1,0,2,0.019335141005314194,4.139862594771478,0.42857142857142855,7,0.7042183529762427,0.875,0.8178587955417678,sha256:b441e1db5528bf3f1fe727d50357ba039f5aa98d1e373c9c432bddb84bd293c4,examples/benchmark_submissions/model_matrix/jump_tail__baseline_random__seed_33.json,docs/results/model_matrix/jump_tail__baseline_random__seed_33_summary.json
jump_tail,leaderboard_llm_jump_tail_synthetic_v0_1,Jump and tail risk,baseline,random,39,2,market,0.05,0.0,1,1.0,stress-only;deterministic-baseline,deterministic baseline under stress-only execution,-0.04374925202705282,-0.05419278898103341,-6.78821094057791,0.8125,1,0,7,-0.0444355108797998,-8.010442295409609,0.4,5,0.20502010052045047,0.0625,0.7467841240115144,sha256:3b6992b6545d1e366f00589815a1c01d9b42100d2ac33b1215cfea0f4549020c,examples/benchmark_submissions/model_matrix/jump_tail__baseline_random__seed_39.json,docs/results/model_matrix/jump_tail__baseline_random__seed_39_summary.json
jump_tail,leaderboard_llm_jump_tail_synthetic_v0_1,Jump and tail risk,baseline,random,45,3,market,0.05,0.0,1,1.0,stress-only;deterministic-baseline,deterministic baseline under stress-only execution,-0.02861666548389097,-0.04784163109347794,-2.983027999785853,0.8125,1,0,7,0.015161248870248167,1.7308783970109585,0.6666666666666666,6,0.6100807164503643,0.3125,0.684173694608039,sha256:a84ff6d7402f725575ad3704f57f6537a7bc7d16ef16d0eb3456d11283f9cabb,examples/benchmark_submissions/model_matrix/jump_tail__baseline_random__seed_45.json,docs/results/model_matrix/jump_tail__baseline_random__seed_45_summary.json
jump_tail,leaderboard_llm_jump_tail_synthetic_v0_1,Jump and tail risk,baseline,random,53,4,market,0.05,0.0,1,1.0,stress-only;deterministic-baseline,deterministic baseline under stress-only execution,0.09417669856058541,-0.004271932929534761,8.532101812825886,0.75,2,0,9,0.08596317813079768,10.341377240353115,0.8,5,0.9284171507942948,0.0,0.6249041416698196,sha256:6825325cfdb071e85696bf681170db75ef232c3b081d4ef95894aedde038f72d,examples/benchmark_submissions/model_matrix/jump_tail__baseline_random__seed_53.json,docs/results/model_matrix/jump_tail__baseline_random__seed_53_summary.json
jump_tail,leaderboard_llm_jump_tail_synthetic_v0_1,Jump and tail risk,baseline,always-hold,29,0,market,0.05,0.0,1,1.0,stress-only;deterministic-baseline,deterministic baseline under stress-only execution,0.0,0.0,0.0,0.0,0,0,0,0.0,0.0,0.0,0,0.3416666666666667,1.0,1.0,sha256:d15a87438728de761e003597c65c7c580cff1b6a78f4f3ad079f0f2fd8893834,examples/benchmark_submissions/model_matrix/jump_tail__baseline_always_hold__seed_29.json,docs/results/model_matrix/jump_tail__baseline_always_hold__seed_29_summary.json
jump_tail,leaderboard_llm_jump_tail_synthetic_v0_1,Jump and tail risk,baseline,always-hold,33,1,market,0.05,0.0,1,1.0,stress-only;deterministic-baseline,deterministic baseline under stress-only execution,0.0,0.0,0.0,0.0,0,0,0,0.0,0.0,0.0,0,0.3416666666666667,1.0,1.0,sha256:c353fa8d8aacc5b5ea87516f297c7172da5d8cf370df9d142517c0fb1f0c70e2,examples/benchmark_submissions/model_matrix/jump_tail__baseline_always_hold__seed_33.json,docs/results/model_matrix/jump_tail__baseline_always_hold__seed_33_summary.json
jump_tail,leaderboard_llm_jump_tail_synthetic_v0_1,Jump and tail risk,baseline,always-hold,39,2,market,0.05,0.0,1,1.0,stress-only;deterministic-baseline,deterministic baseline under stress-only execution,0.0,0.0,0.0,0.0,0,0,0,0.0,0.0,0.0,0,0.3416666666666667,1.0,1.0,sha256:3f4548fcfe1a3e197dd1ad41ac1b07cb0e7b1dd24e1972b6e23fdc2668934853,examples/benchmark_submissions/model_matrix/jump_tail__baseline_always_hold__seed_39.json,docs/results/model_matrix/jump_tail__baseline_always_hold__seed_39_summary.json
jump_tail,leaderboard_llm_jump_tail_synthetic_v0_1,Jump and tail risk,baseline,always-hold,45,3,market,0.05,0.0,1,1.0,stress-only;deterministic-baseline,deterministic baseline under stress-only execution,0.0,0.0,0.0,0.0,0,0,0,0.0,0.0,0.0,0,0.3416666666666667,1.0,1.0,sha256:7f22806dea18d7b73257b411d6a5d750ee29adb351e43b526d9995f49d6df680,examples/benchmark_submissions/model_matrix/jump_tail__baseline_always_hold__seed_45.json,docs/results/model_matrix/jump_tail__baseline_always_hold__seed_45_summary.json
jump_tail,leaderboard_llm_jump_tail_synthetic_v0_1,Jump and tail risk,baseline,always-hold,53,4,market,0.05,0.0,1,1.0,stress-only;deterministic-baseline,deterministic baseline under stress-only execution,0.0,0.0,0.0,0.0,0,0,0,0.0,0.0,0.0,0,0.3416666666666667,1.0,1.0,sha256:836432d9b11adbcad2d8a42ffc1a71d0c0f073526149cfc79415b43078bb777e,examples/benchmark_submissions/model_matrix/jump_tail__baseline_always_hold__seed_53.json,docs/results/model_matrix/jump_tail__baseline_always_hold__seed_53_summary.json
liquidity_collapse,leaderboard_llm_liquidity_collapse_synthetic_v0_1,Liquidity collapse,baseline,random,41,0,execution,0.005,15.0,1,1.0,stress-only;deterministic-baseline,deterministic baseline under stress-only execution,0.009373420711710878,-0.016527338195478802,2.1075933059408514,0.8125,1,0,2,0.031389188449849836,4.155352127182526,0.6666666666666666,6,0.7789590073454955,0.625,0.7239769382273649,sha256:8786d22669aa0e92d16c586e0c8c53a270d1452558760ec308e950b2e2f1c3d5,examples/benchmark_submissions/model_matrix/liquidity_collapse__baseline_random__seed_41.json,docs/results/model_matrix/liquidity_collapse__baseline_random__seed_41_summary.json
liquidity_collapse,leaderboard_llm_liquidity_collapse_synthetic_v0_1,Liquidity collapse,baseline,random,45,1,execution,0.005,15.0,1,1.0,stress-only;deterministic-baseline,deterministic baseline under stress-only execution,0.057426268902998734,-0.005681619672119553,10.905361738990251,0.8125,1,0,4,0.09973360994583058,24.659964483408707,0.8333333333333334,6,0.9660672890447854,0.5,0.6813603108473258,sha256:3281dbcfb47a6966a3391c0c8217b40c45fa6bbef6402d3fb2523628fe133b52,examples/benchmark_submissions/model_matrix/liquidity_collapse__baseline_random__seed_45.json,docs/results/model_matrix/liquidity_collapse__baseline_random__seed_45_summary.json
liquidity_collapse,leaderboard_llm_liquidity_collapse_synthetic_v0_1,Liquidity collapse,baseline,random,51,2,execution,0.005,15.0,1,1.0,stress-only;deterministic-baseline,deterministic baseline under stress-only execution,0.030357862688837,-0.008818344701494452,5.065170737105276,0.8666666666666667,0,0,2,0.04294443738594422,12.028825313966445,0.8333333333333334,6,0.8382916507850413,0.625,0.7992979104728867,sha256:20120db93e7eaf4b8c37432dd83f066a7a0faae26cd5a1056fdf234daec5eda2,examples/benchmark_submissions/model_matrix/liquidity_collapse__baseline_random__seed_51.json,docs/results/model_matrix/liquidity_collapse__baseline_random__seed_51_summary.json
liquidity_collapse,leaderboard_llm_liquidity_collapse_synthetic_v0_1,Liquidity collapse,baseline,random,57,3,execution,0.005,15.0,1,1.0,stress-only;deterministic-baseline,deterministic baseline under stress-only execution,-0.0012192846339352803,-0.014058658977125993,-0.21125098162527176,0.8571428571428571,0,0,2,0.01620226665319069,4.748547090295767,0.6666666666666666,6,0.7447884333030124,0.625,0.8125656616005501,sha256:57c175c1aafaa5ef18ff230882abbd605fdac07847bce2743d0cd5f7d75541d3,examples/benchmark_submissions/model_matrix/liquidity_collapse__baseline_random__seed_57.json,docs/results/model_matrix/liquidity_collapse__baseline_random__seed_57_summary.json
liquidity_collapse,leaderboard_llm_liquidity_collapse_synthetic_v0_1,Liquidity collapse,baseline,random,65,4,execution,0.005,15.0,1,1.0,stress-only;deterministic-baseline,deterministic baseline under stress-only execution,0.029742581526559286,-0.00902929962287502,6.863003826046743,0.7333333333333333,2,0,3,0.04756015250351586,12.59498275262579,0.6666666666666666,6,0.8153436764662441,0.5625,0.6647050043833942,sha256:f6a55649e5f6e1952ced589b86e5d0c1bd2297df9e08c9e2a4acdc9936ae38a4,examples/benchmark_submissions/model_matrix/liquidity_collapse__baseline_random__seed_65.json,docs/results/model_matrix/liquidity_collapse__baseline_random__seed_65_summary.json
liquidity_collapse,leaderboard_llm_liquidity_collapse_synthetic_v0_1,Liquidity collapse,baseline,always-hold,41,0,execution,0.005,15.0,1,1.0,stress-only;deterministic-baseline,deterministic baseline under stress-only execution,0.0,0.0,0.0,0.0,0,0,0,0.0,0.0,0.0,0,0.3416666666666667,1.0,1.0,sha256:9910a6a580f0e7ce7e0368e0551094e77b900e94a6c32c12ba3051ce4e781336,examples/benchmark_submissions/model_matrix/liquidity_collapse__baseline_always_hold__seed_41.json,docs/results/model_matrix/liquidity_collapse__baseline_always_hold__seed_41_summary.json
liquidity_collapse,leaderboard_llm_liquidity_collapse_synthetic_v0_1,Liquidity collapse,baseline,always-hold,45,1,execution,0.005,15.0,1,1.0,stress-only;deterministic-baseline,deterministic baseline under stress-only execution,0.0,0.0,0.0,0.0,0,0,0,0.0,0.0,0.0,0,0.3416666666666667,1.0,1.0,sha256:0a0d435433d7c7222d0c1b81e55a7d795d593b8ae4c9440236abf1a5ea5ddac0,examples/benchmark_submissions/model_matrix/liquidity_collapse__baseline_always_hold__seed_45.json,docs/results/model_matrix/liquidity_collapse__baseline_always_hold__seed_45_summary.json
liquidity_collapse,leaderboard_llm_liquidity_collapse_synthetic_v0_1,Liquidity collapse,baseline,always-hold,51,2,execution,0.005,15.0,1,1.0,stress-only;deterministic-baseline,deterministic baseline under stress-only execution,0.0,0.0,0.0,0.0,0,0,0,0.0,0.0,0.0,0,0.3416666666666667,1.0,1.0,sha256:5a12ea693cfdac56ae45404dfc240283b9e2eb357d46f03c8d93b09fea96885c,examples/benchmark_submissions/model_matrix/liquidity_collapse__baseline_always_hold__seed_51.json,docs/results/model_matrix/liquidity_collapse__baseline_always_hold__seed_51_summary.json
liquidity_collapse,leaderboard_llm_liquidity_collapse_synthetic_v0_1,Liquidity collapse,baseline,always-hold,57,3,execution,0.005,15.0,1,1.0,stress-only;deterministic-baseline,deterministic baseline under stress-only execution,0.0,0.0,0.0,0.0,0,0,0,0.0,0.0,0.0,0,0.3416666666666667,1.0,1.0,sha256:1df45ac7fc129370790b2124042d2d7dbe942e5743f919421b25a019cb48bcce,examples/benchmark_submissions/model_matrix/liquidity_collapse__baseline_always_hold__seed_57.json,docs/results/model_matrix/liquidity_collapse__baseline_always_hold__seed_57_summary.json
liquidity_collapse,leaderboard_llm_liquidity_collapse_synthetic_v0_1,Liquidity collapse,baseline,always-hold,65,4,execution,0.005,15.0,1,1.0,stress-only;deterministic-baseline,deterministic baseline under stress-only execution,0.0,0.0,0.0,0.0,0,0,0,0.0,0.0,0.0,0,0.3416666666666667,1.0,1.0,sha256:1b934080b980734cfeb56fb6b0b9e976349f8a15db837bffc9d0db0923034e4c,examples/benchmark_submissions/model_matrix/liquidity_collapse__baseline_always_hold__seed_65.json,docs/results/model_matrix/liquidity_collapse__baseline_always_hold__seed_65_summary.json
spread_explosion,leaderboard_llm_spread_explosion_synthetic_v0_1,Spread explosion,baseline,random,53,0,execution,0.05,150.0,1,1.0,stress-only;deterministic-baseline,deterministic baseline under stress-only execution,-0.0007107580610568043,-0.03919855744781997,0.03720184332012039,0.75,2,0,6,0.054142366244284146,22.30895732061278,0.8,5,0.8568203240496394,0.125,0.5269256191616599,sha256:41b6d20be85b2c237ec9b8140eb59df1e79479ffe5eaf947bc1160e3edb8bd10,examples/benchmark_submissions/model_matrix/spread_explosion__baseline_random__seed_53.json,docs/results/model_matrix/spread_explosion__baseline_random__seed_53_summary.json
spread_explosion,leaderboard_llm_spread_explosion_synthetic_v0_1,Spread explosion,baseline,random,57,1,execution,0.05,150.0,1,1.0,stress-only;deterministic-baseline,deterministic baseline under stress-only execution,-0.010828212595973996,-0.013703204292481952,-2.5594013669348983,0.8571428571428571,0,0,2,0.021667634043682993,7.155406012391139,0.6666666666666666,6,0.75708550993162,0.625,0.6673222006026469,sha256:63351965b1cfdb1786964410601ab87fd75fa45a24c052117eb114baf04a6f76,examples/benchmark_submissions/model_matrix/spread_explosion__baseline_random__seed_57.json,docs/results/model_matrix/spread_explosion__baseline_random__seed_57_summary.json
spread_explosion,leaderboard_llm_spread_explosion_synthetic_v0_1,Spread explosion,baseline,random,63,2,execution,0.05,150.0,1,1.0,stress-only;deterministic-baseline,deterministic baseline under stress-only execution,-0.026294916958730208,-0.04576832298067035,-3.5066747525887467,0.875,0,0,2,0.00963748383311458,1.8282082176212096,0.5,6,0.5699964846524117,0.625,0.6198745667451651,sha256:218ecb3bb308847c7680e38f60e7ab0de292e523d451a2d9344eafeb6f29aba6,examples/benchmark_submissions/model_matrix/spread_explosion__baseline_random__seed_63.json,docs/results/model_matrix/spread_explosion__baseline_random__seed_63_summary.json
spread_explosion,leaderboard_llm_spread_explosion_synthetic_v0_1,Spread explosion,baseline,random,69,3,execution,0.05,150.0,1,1.0,stress-only;deterministic-baseline,deterministic baseline under stress-only execution,0.014068962157788967,-0.012184219274175234,3.443705016151175,0.875,0,0,4,0.01631047709471556,6.252573332669859,0.5,6,0.7116985734631099,0.25,0.6837371663658173,sha256:6ecc04dbeac2b366fcea8e6dac63f9945fd036f43c3a50480d44fc3d707bd7bd,examples/benchmark_submissions/model_matrix/spread_explosion__baseline_random__seed_69.json,docs/results/model_matrix/spread_explosion__baseline_random__seed_69_summary.json
spread_explosion,leaderboard_llm_spread_explosion_synthetic_v0_1,Spread explosion,baseline,random,77,4,execution,0.05,150.0,1,1.0,stress-only;deterministic-baseline,deterministic baseline under stress-only execution,0.013659345768162634,-0.017696045913057734,1.7421778553823428,0.75,2,0,3,0.002205999352914656,0.4874375548099271,0.3333333333333333,6,0.4417306892413037,0.5625,0.5595131845091238,sha256:e0cc2136ae9183ca6dbb4ae277854071b92dd7522f56fd417477156f818c1afe,examples/benchmark_submissions/model_matrix/spread_explosion__baseline_random__seed_77.json,docs/results/model_matrix/spread_explosion__baseline_random__seed_77_summary.json
spread_explosion,leaderboard_llm_spread_explosion_synthetic_v0_1,Spread explosion,baseline,always-hold,53,0,execution,0.05,150.0,1,1.0,stress-only;deterministic-baseline,deterministic baseline under stress-only execution,0.0,0.0,0.0,0.0,0,0,0,0.0,0.0,0.0,0,0.3416666666666667,1.0,1.0,sha256:f6d12eaf7bc644ea3465f144c226ea058f478e474156958d1a06b71bd2d66306,examples/benchmark_submissions/model_matrix/spread_explosion__baseline_always_hold__seed_53.json,docs/results/model_matrix/spread_explosion__baseline_always_hold__seed_53_summary.json
spread_explosion,leaderboard_llm_spread_explosion_synthetic_v0_1,Spread explosion,baseline,always-hold,57,1,execution,0.05,150.0,1,1.0,stress-only;deterministic-baseline,deterministic baseline under stress-only execution,0.0,0.0,0.0,0.0,0,0,0,0.0,0.0,0.0,0,0.3416666666666667,1.0,1.0,sha256:ea8e3471713cc1a994a25dae87a051f02009de413656bc3aaa79b9310a524cb6,examples/benchmark_submissions/model_matrix/spread_explosion__baseline_always_hold__seed_57.json,docs/results/model_matrix/spread_explosion__baseline_always_hold__seed_57_summary.json
spread_explosion,leaderboard_llm_spread_explosion_synthetic_v0_1,Spread explosion,baseline,always-hold,63,2,execution,0.05,150.0,1,1.0,stress-only;deterministic-baseline,deterministic baseline under stress-only execution,0.0,0.0,0.0,0.0,0,0,0,0.0,0.0,0.0,0,0.3416666666666667,1.0,1.0,sha256:90ffb0a33779be056115d57464bbf2bd2ddd4ab194ae7539f29f0d51ceda030b,examples/benchmark_submissions/model_matrix/spread_explosion__baseline_always_hold__seed_63.json,docs/results/model_matrix/spread_explosion__baseline_always_hold__seed_63_summary.json
spread_explosion,leaderboard_llm_spread_explosion_synthetic_v0_1,Spread explosion,baseline,always-hold,69,3,execution,0.05,150.0,1,1.0,stress-only;deterministic-baseline,deterministic baseline under stress-only execution,0.0,0.0,0.0,0.0,0,0,0,0.0,0.0,0.0,0,0.3416666666666667,1.0,1.0,sha256:e0bc6cfad842b84395e7dedd18938b4773af9e744be27619734fb5eaad0eaf73,examples/benchmark_submissions/model_matrix/spread_explosion__baseline_always_hold__seed_69.json,docs/results/model_matrix/spread_explosion__baseline_always_hold__seed_69_summary.json
spread_explosion,leaderboard_llm_spread_explosion_synthetic_v0_1,Spread explosion,baseline,always-hold,77,4,execution,0.05,150.0,1,1.0,stress-only;deterministic-baseline,deterministic baseline under stress-only execution,0.0,0.0,0.0,0.0,0,0,0,0.0,0.0,0.0,0,0.3416666666666667,1.0,1.0,sha256:1aa1a999eea5f773a61eef4bd39c025650098c473622665e493b2d4c2fdc764b,examples/benchmark_submissions/model_matrix/spread_explosion__baseline_always_hold__seed_77.json,docs/results/model_matrix/spread_explosion__baseline_always_hold__seed_77_summary.json
latency_spike,leaderboard_llm_latency_spike_synthetic_v0_1,Latency spike,baseline,random,65,0,execution,0.03,25.0,4,1.0,stress-only;deterministic-baseline,deterministic baseline under stress-only execution,0.019712078721168425,-0.010992481763758666,4.315331652186966,0.21428571428571427,3,0,2,0.04528650576598703,10.880863542910355,0.6666666666666666,6,0.8102279713068041,0.625,0.45591455346773463,sha256:a59a34b1b3ff18154a2c6c49f38542fa96371037902e9ed3b3f37da0fb53b4f1,examples/benchmark_submissions/model_matrix/latency_spike__baseline_random__seed_65.json,docs/results/model_matrix/latency_spike__baseline_random__seed_65_summary.json
latency_spike,leaderboard_llm_latency_spike_synthetic_v0_1,Latency spike,baseline,random,69,1,execution,0.03,25.0,4,1.0,stress-only;deterministic-baseline,deterministic baseline under stress-only execution,0.0033069864105768065,-0.003914409851032752,2.3043697784858135,0.1875,5,0,6,0.032495227348429134,9.588676827902882,0.8333333333333334,6,0.8147809282006322,0.125,0.46890078743170616,sha256:210515aca353d3f076f5f624fd3b72458a1a61feb8c80ec065f1e5c8210f4ac2,examples/benchmark_submissions/model_matrix/latency_spike__baseline_random__seed_69.json,docs/results/model_matrix/latency_spike__baseline_random__seed_69_summary.json
latency_spike,leaderboard_llm_latency_spike_synthetic_v0_1,Latency spike,baseline,random,75,2,execution,0.03,25.0,4,1.0,stress-only;deterministic-baseline,deterministic baseline under stress-only execution,-0.020251005847438774,-0.03459088806653532,-2.9559149108724148,0.25,4,0,0,0.058687854243018256,8.307112075993803,0.8571428571428571,7,0.8784762434753626,1.0,0.45758743900725296,sha256:181d6d3404bd3b031d693be4c4d564239c07c7ce33c384d942aad4dca6bcc09f,examples/benchmark_submissions/model_matrix/latency_spike__baseline_random__seed_75.json,docs/results/model_matrix/latency_spike__baseline_random__seed_75_summary.json
latency_spike,leaderboard_llm_latency_spike_synthetic_v0_1,Latency spike,baseline,random,81,3,execution,0.03,25.0,4,1.0,stress-only;deterministic-baseline,deterministic baseline under stress-only execution,0.04751807345339354,-0.003328734489197127,8.504327588191867,0.1875,5,0,0,0.10711329325006291,18.2090437267872,0.8571428571428571,7,0.9714285714285715,1.0,0.43954012441601,sha256:012721f5cc0f604897f2e1fcd19669ec09cc92cdd03e8f594541667c844c6f19,examples/benchmark_submissions/model_matrix/latency_spike__baseline_random__seed_81.json,docs/results/model_matrix/latency_spike__baseline_random__seed_81_summary.json
latency_spike,leaderboard_llm_latency_spike_synthetic_v0_1,Latency spike,baseline,random,89,4,execution,0.03,25.0,4,1.0,stress-only;deterministic-baseline,deterministic baseline under stress-only execution,-0.007008492925911547,-0.007008492925911547,-12.440617599754322,0.3333333333333333,2,0,6,-0.007701197309939789,-3.7386601186530943,0.75,4,0.3576723060526355,0.0,0.5390707580002797,sha256:381c3fa51ad8829c0fe4ae0171dabec4cec1e8c514a09622e74e5997028e5385,examples/benchmark_submissions/model_matrix/latency_spike__baseline_random__seed_89.json,docs/results/model_matrix/latency_spike__baseline_random__seed_89_summary.json
latency_spike,leaderboard_llm_latency_spike_synthetic_v0_1,Latency spike,baseline,always-hold,65,0,execution,0.03,25.0,4,1.0,stress-only;deterministic-baseline,deterministic baseline under stress-only execution,0.0,0.0,0.0,0.0,0,0,0,0.0,0.0,0.0,0,0.3416666666666667,1.0,1.0,sha256:fd3ab766cf8e028e48f327c867424833d5ea8ea4495792aaeed1fc14504f6840,examples/benchmark_submissions/model_matrix/latency_spike__baseline_always_hold__seed_65.json,docs/results/model_matrix/latency_spike__baseline_always_hold__seed_65_summary.json
latency_spike,leaderboard_llm_latency_spike_synthetic_v0_1,Latency spike,baseline,always-hold,69,1,execution,0.03,25.0,4,1.0,stress-only;deterministic-baseline,deterministic baseline under stress-only execution,0.0,0.0,0.0,0.0,0,0,0,0.0,0.0,0.0,0,0.3416666666666667,1.0,1.0,sha256:29d627fb2020db782d17a8b72728cb7b536d7aaec3951ab7eea2fd528a4c82f3,examples/benchmark_submissions/model_matrix/latency_spike__baseline_always_hold__seed_69.json,docs/results/model_matrix/latency_spike__baseline_always_hold__seed_69_summary.json
latency_spike,leaderboard_llm_latency_spike_synthetic_v0_1,Latency spike,baseline,always-hold,75,2,execution,0.03,25.0,4,1.0,stress-only;deterministic-baseline,deterministic baseline under stress-only execution,0.0,0.0,0.0,0.0,0,0,0,0.0,0.0,0.0,0,0.3416666666666667,1.0,1.0,sha256:828ff0cc0185c46011bae40b05f4a04308f48947dc1ed65b4c1f00bbd2b7194e,examples/benchmark_submissions/model_matrix/latency_spike__baseline_always_hold__seed_75.json,docs/results/model_matrix/latency_spike__baseline_always_hold__seed_75_summary.json
latency_spike,leaderboard_llm_latency_spike_synthetic_v0_1,Latency spike,baseline,always-hold,81,3,execution,0.03,25.0,4,1.0,stress-only;deterministic-baseline,deterministic baseline under stress-only execution,0.0,0.0,0.0,0.0,0,0,0,0.0,0.0,0.0,0,0.3416666666666667,1.0,1.0,sha256:0803defa1f4e25532c5a2f98205b31e04b125ae71dde35ae00a9414c490a2fa5,examples/benchmark_submissions/model_matrix/latency_spike__baseline_always_hold__seed_81.json,docs/results/model_matrix/latency_spike__baseline_always_hold__seed_81_summary.json
latency_spike,leaderboard_llm_latency_spike_synthetic_v0_1,Latency spike,baseline,always-hold,89,4,execution,0.03,25.0,4,1.0,stress-only;deterministic-baseline,deterministic baseline under stress-only execution,0.0,0.0,0.0,0.0,0,0,0,0.0,0.0,0.0,0,0.3416666666666667,1.0,1.0,sha256:a6890d44909ff2ab39ad4feab7b6d74a399ba3d3fd0bc3e6411f484f1debe541,examples/benchmark_submissions/model_matrix/latency_spike__baseline_always_hold__seed_89.json,docs/results/model_matrix/latency_spike__baseline_always_hold__seed_89_summary.json
