scenario_key,scenario_id,scenario_label,provider,model,seed,window_offset,parse_coverage,total_return,max_drawdown,sharpe,execution_fill_rate,rejected_order_count,risk_clipped_decisions,risk_violation_count,trajectory_reproducibility_coverage,alpha_pre_risk_total_return,alpha_pre_risk_sharpe,alpha_pre_risk_hit_rate,alpha_pre_risk_steps,alpha_quality_score,risk_discipline_score,execution_robustness_score,reproducibility_hash,submission,summary
recent_cross_asset,leaderboard_real_yahoo_recent_gspc_btc_btcf_weekly_v0_1,Yahoo recent GSPC/BTC/BTC futures,poe,gpt-5.5,7,0,1.0,0.009544787382853137,-0.056618626037848285,1.054812181416663,0.8333333333333334,3,37,7,1.0,0.23914407278596594,6.699630982668503,0.7,10,0.9400000000000001,0.29166666666666663,0.6869416743573207,sha256:d080576867c6ebe09805870258ff5a5caab2e6dddd1b9f286b3bbab677d6a493,examples/benchmark_submissions/real_market_matrix/recent_cross_asset__poe_gpt_5_5__seed_7.json,docs/results/real_market_matrix/recent_cross_asset__poe_gpt_5_5__seed_7_summary.json
recent_cross_asset,leaderboard_real_yahoo_recent_gspc_btc_btcf_weekly_v0_1,Yahoo recent GSPC/BTC/BTC futures,poe,gpt-5.5,11,1,1.0,-0.008230550353412136,-0.056727803567805934,-0.7643698176036119,0.7931034482758621,3,37,8,1.0,0.15296397105853599,4.946616681485479,0.7777777777777778,9,0.9555555555555556,0.26388888888888884,0.6797847023636334,sha256:bd8f2291a9fbcb67fb2cccd9fe47a751841190d67704a5dd8aa77a52d6da2407,examples/benchmark_submissions/real_market_matrix/recent_cross_asset__poe_gpt_5_5__seed_11.json,docs/results/real_market_matrix/recent_cross_asset__poe_gpt_5_5__seed_11_summary.json
recent_cross_asset,leaderboard_real_yahoo_recent_gspc_btc_btcf_weekly_v0_1,Yahoo recent GSPC/BTC/BTC futures,poe,gpt-5.5,17,2,1.0,0.0053205025420861585,-0.056891569876605375,0.6114676558895236,0.8076923076923077,3,32,8,1.0,0.18807783183579074,6.228938085546921,0.75,8,0.9500000000000001,0.33333333333333337,0.684136850322847,sha256:8705d0026b8b449515dbd60f2a147c7cf608342457de93f06b29c82f0b62607b,examples/benchmark_submissions/real_market_matrix/recent_cross_asset__poe_gpt_5_5__seed_17.json,docs/results/real_market_matrix/recent_cross_asset__poe_gpt_5_5__seed_17_summary.json
recent_cross_asset,leaderboard_real_yahoo_recent_gspc_btc_btcf_weekly_v0_1,Yahoo recent GSPC/BTC/BTC futures,poe,gpt-5.5,23,3,1.0,-0.10311258473795815,-0.11999968810059158,-8.121019109595014,0.6875,7,36,13,1.0,-0.18612744110953094,-2.9805049391930223,0.625,8,0.125,0.13888888888888884,0.5912952456834657,sha256:892eda5d0bbb298a4a4a2f870ebe58ed8fdd8be3cbc3154dc979f119a22e862b,examples/benchmark_submissions/real_market_matrix/recent_cross_asset__poe_gpt_5_5__seed_23.json,docs/results/real_market_matrix/recent_cross_asset__poe_gpt_5_5__seed_23_summary.json
recent_cross_asset,leaderboard_real_yahoo_recent_gspc_btc_btcf_weekly_v0_1,Yahoo recent GSPC/BTC/BTC futures,poe,gpt-5.5,31,4,1.0,-0.11027907110591328,-0.12015062655069708,-9.059585405261586,0.6896551724137931,6,30,11,1.0,-0.2488121890403967,-5.138886838619176,0.5714285714285714,7,0.11428571428571428,0.2777777777777778,0.603359301842571,sha256:56ef503e6f84dcf50b448435428472b326db3628cd28f3e8ecd2d6dc251c1ea6,examples/benchmark_submissions/real_market_matrix/recent_cross_asset__poe_gpt_5_5__seed_31.json,docs/results/real_market_matrix/recent_cross_asset__poe_gpt_5_5__seed_31_summary.json
recent_cross_asset,leaderboard_real_yahoo_recent_gspc_btc_btcf_weekly_v0_1,Yahoo recent GSPC/BTC/BTC futures,poe,gemini-3.1-pro,7,0,1.0,0.04864212103857812,-0.04226851863858172,3.8165569988781773,0.7307692307692307,6,24,9,1.0,0.06932871798863682,2.976040306816817,0.625,8,0.7962586333720805,0.41666666666666663,0.6176217463097622,sha256:e57b4893cff3f049e6c6e305af3a88fee6ca2e13ac651d124e4661adee1a5e68,examples/benchmark_submissions/real_market_matrix/recent_cross_asset__poe_gemini_3_1_pro__seed_7.json,docs/results/real_market_matrix/recent_cross_asset__poe_gemini_3_1_pro__seed_7_summary.json
recent_cross_asset,leaderboard_real_yahoo_recent_gspc_btc_btcf_weekly_v0_1,Yahoo recent GSPC/BTC/BTC futures,poe,gemini-3.1-pro,11,1,1.0,0.01658786460595807,-0.041298127656762995,1.8223857068906957,0.76,3,27,7,1.0,0.13660500296846467,5.177210620175055,0.625,8,0.925,0.4305555555555556,0.6805589565776666,sha256:4415accc1ec93cd393a23987a0af4dc53352aee940934ba53fc3391c16412004,examples/benchmark_submissions/real_market_matrix/recent_cross_asset__poe_gemini_3_1_pro__seed_11.json,docs/results/real_market_matrix/recent_cross_asset__poe_gemini_3_1_pro__seed_11_summary.json
recent_cross_asset,leaderboard_real_yahoo_recent_gspc_btc_btcf_weekly_v0_1,Yahoo recent GSPC/BTC/BTC futures,poe,gemini-3.1-pro,17,2,1.0,0.03148638745614596,-0.04226851863858172,2.638874737897278,0.7727272727272727,3,23,7,1.0,0.0945118901647235,4.073218612029556,0.7142857142857143,7,0.9305088957277708,0.48611111111111116,0.6748856018752234,sha256:8ec660b9803be9925ef87d04700ed157ae065178e380f301e5156e3cceb11010,examples/benchmark_submissions/real_market_matrix/recent_cross_asset__poe_gemini_3_1_pro__seed_17.json,docs/results/real_market_matrix/recent_cross_asset__poe_gemini_3_1_pro__seed_17_summary.json
recent_cross_asset,leaderboard_real_yahoo_recent_gspc_btc_btcf_weekly_v0_1,Yahoo recent GSPC/BTC/BTC futures,poe,gemini-3.1-pro,23,3,1.0,-0.052938365777701946,-0.1211969469402896,-2.748118171629977,0.6333333333333333,8,23,14,1.0,-0.21043244440963216,-4.128019280683404,0.5714285714285714,7,0.11428571428571428,0.29166666666666663,0.5215802795368492,sha256:1c7196d1253dc98c256131df5e97c0da9f83345a733247277bf09f9d2ab8d424,examples/benchmark_submissions/real_market_matrix/recent_cross_asset__poe_gemini_3_1_pro__seed_23.json,docs/results/real_market_matrix/recent_cross_asset__poe_gemini_3_1_pro__seed_23_summary.json
recent_cross_asset,leaderboard_real_yahoo_recent_gspc_btc_btcf_weekly_v0_1,Yahoo recent GSPC/BTC/BTC futures,poe,gemini-3.1-pro,31,4,1.0,-0.09736639841709327,-0.12070996911096421,-7.018217269168993,0.6296296296296297,7,19,14,1.0,-0.2524308356058501,-7.010097911098188,0.4,5,0.08000000000000002,0.3472222222222222,0.5496899288819544,sha256:499250f22d862e51cdc5116d25099137f8a82039c99ae1b5a1acdc8b193857df,examples/benchmark_submissions/real_market_matrix/recent_cross_asset__poe_gemini_3_1_pro__seed_31.json,docs/results/real_market_matrix/recent_cross_asset__poe_gemini_3_1_pro__seed_31_summary.json
recent_cross_asset,leaderboard_real_yahoo_recent_gspc_btc_btcf_weekly_v0_1,Yahoo recent GSPC/BTC/BTC futures,poe,kimi-k2.5,7,0,1.0,0.005538251031219188,-0.056618626037848285,0.671755719790733,0.8275862068965517,4,37,7,1.0,0.2398811563742882,6.1161920879403056,0.7,10,0.9400000000000001,0.29166666666666663,0.6804437369838344,sha256:40cce8421d1cdec7d235a50dae95561df55f605c71eaaf6a812711353de44db3,examples/benchmark_submissions/real_market_matrix/recent_cross_asset__poe_kimi_k2_5__seed_7.json,docs/results/real_market_matrix/recent_cross_asset__poe_kimi_k2_5__seed_7_summary.json
recent_cross_asset,leaderboard_real_yahoo_recent_gspc_btc_btcf_weekly_v0_1,Yahoo recent GSPC/BTC/BTC futures,poe,kimi-k2.5,11,1,1.0,-0.0045610491925990315,-0.05705652931308114,-0.2808833349998342,0.7333333333333333,5,41,9,1.0,0.15850349062579938,4.699341906556776,0.6666666666666666,9,0.9333333333333333,0.18055555555555558,0.6369213502032698,sha256:99bc73bf56a8edd11736737f45fe321da861dad7a3303eabb4794d8943d4b5e5,examples/benchmark_submissions/real_market_matrix/recent_cross_asset__poe_kimi_k2_5__seed_11.json,docs/results/real_market_matrix/recent_cross_asset__poe_kimi_k2_5__seed_11_summary.json
recent_cross_asset,leaderboard_real_yahoo_recent_gspc_btc_btcf_weekly_v0_1,Yahoo recent GSPC/BTC/BTC futures,poe,kimi-k2.5,17,2,1.0,0.006841844841121603,-0.04206287362399652,0.8570562943768971,0.7391304347826086,4,25,7,1.0,0.13271950716943182,4.635439830700986,0.75,8,0.9500000000000001,0.45833333333333337,0.6821463723112521,sha256:60d531e261b0e16bc714b1693ad64fe43338ee4a55aa2b5f0b4f4f16c0d8a593,examples/benchmark_submissions/real_market_matrix/recent_cross_asset__poe_kimi_k2_5__seed_17.json,docs/results/real_market_matrix/recent_cross_asset__poe_kimi_k2_5__seed_17_summary.json
recent_cross_asset,leaderboard_real_yahoo_recent_gspc_btc_btcf_weekly_v0_1,Yahoo recent GSPC/BTC/BTC futures,poe,kimi-k2.5,23,3,1.0,-0.10928828224926779,-0.11989906247503879,-8.965051721479993,0.6774193548387096,7,32,11,1.0,-0.189593374440585,-3.087619861344713,0.625,8,0.125,0.25,0.5833089753927081,sha256:9fdedfcd3b814e67fdb4491f2d17e1732805d549c2d6088714bf352512a60979,examples/benchmark_submissions/real_market_matrix/recent_cross_asset__poe_kimi_k2_5__seed_23.json,docs/results/real_market_matrix/recent_cross_asset__poe_kimi_k2_5__seed_23_summary.json
recent_cross_asset,leaderboard_real_yahoo_recent_gspc_btc_btcf_weekly_v0_1,Yahoo recent GSPC/BTC/BTC futures,poe,kimi-k2.5,31,4,1.0,-0.11027907110591328,-0.12015062655069719,-9.059585405261597,0.6896551724137931,6,26,11,1.0,-0.2289834945413438,-4.56205195578444,0.5714285714285714,7,0.11428571428571428,0.33333333333333337,0.603359301842571,sha256:028041a81f5c6dec9799c8f19598b8d82e918bfa8692d5e2fcd5017b11da62bd,examples/benchmark_submissions/real_market_matrix/recent_cross_asset__poe_kimi_k2_5__seed_31.json,docs/results/real_market_matrix/recent_cross_asset__poe_kimi_k2_5__seed_31_summary.json
recent_cross_asset,leaderboard_real_yahoo_recent_gspc_btc_btcf_weekly_v0_1,Yahoo recent GSPC/BTC/BTC futures,poe,glm-5,7,0,1.0,0.006603659956621932,-0.056618626037848285,0.7759895449597302,0.8214285714285714,4,33,7,1.0,0.18598069661912753,5.31892815068681,0.7,10,0.9400000000000001,0.3472222222222222,0.6841834914331986,sha256:694e250680feb51bf86760ed8dd1f6fe0cc80c9305bba09c0d922ddd2222baac,examples/benchmark_submissions/real_market_matrix/recent_cross_asset__poe_glm_5__seed_7.json,docs/results/real_market_matrix/recent_cross_asset__poe_glm_5__seed_7_summary.json
recent_cross_asset,leaderboard_real_yahoo_recent_gspc_btc_btcf_weekly_v0_1,Yahoo recent GSPC/BTC/BTC futures,poe,glm-5,11,1,1.0,-0.011597130782113552,-0.056618626037848285,-1.2135948516022808,0.8148148148148148,3,32,8,1.0,0.17092864444199996,5.383045920307086,0.75,8,0.9500000000000001,0.33333333333333337,0.6745515470856335,sha256:1bd2254f8b183f8c6a02875d9f1dbffa07446540078ad30befd3891110d8b349,examples/benchmark_submissions/real_market_matrix/recent_cross_asset__poe_glm_5__seed_11.json,docs/results/real_market_matrix/recent_cross_asset__poe_glm_5__seed_11_summary.json
recent_cross_asset,leaderboard_real_yahoo_recent_gspc_btc_btcf_weekly_v0_1,Yahoo recent GSPC/BTC/BTC futures,poe,glm-5,17,2,1.0,-0.010747403153063328,-0.057106356982351114,-1.0987059396663603,0.782608695652174,3,26,7,1.0,0.20683288022468438,7.684957667311223,0.75,8,0.9500000000000001,0.4444444444444444,0.6993825894702221,sha256:bfea064200d15b20d01f32712d8bf81dd1c791d91b59639e0f5838a89560c805,examples/benchmark_submissions/real_market_matrix/recent_cross_asset__poe_glm_5__seed_17.json,docs/results/real_market_matrix/recent_cross_asset__poe_glm_5__seed_17_summary.json
recent_cross_asset,leaderboard_real_yahoo_recent_gspc_btc_btcf_weekly_v0_1,Yahoo recent GSPC/BTC/BTC futures,poe,glm-5,23,3,1.0,-0.10932258210706935,-0.11989906247503879,-8.970284481171284,0.7096774193548387,6,36,12,1.0,-0.147782043849361,-2.02427543613517,0.625,8,0.125,0.16666666666666663,0.5902084974807853,sha256:08978397f6df59a199b9c709ca8b26edc2c6a711c92256cd0ab8e25fe35b4600,examples/benchmark_submissions/real_market_matrix/recent_cross_asset__poe_glm_5__seed_23.json,docs/results/real_market_matrix/recent_cross_asset__poe_glm_5__seed_23_summary.json
recent_cross_asset,leaderboard_real_yahoo_recent_gspc_btc_btcf_weekly_v0_1,Yahoo recent GSPC/BTC/BTC futures,poe,glm-5,31,4,1.0,-0.11837830112387582,-0.11989906247503879,-10.300957130953885,0.6785714285714286,6,30,12,1.0,-0.2523219916974099,-5.465025303833857,0.5714285714285714,7,0.11428571428571428,0.25,0.597502201206479,sha256:307185d6b99c6113542439cb76cea0b7b759d52506bd29bde8cf6f5e4294ffb4,examples/benchmark_submissions/real_market_matrix/recent_cross_asset__poe_glm_5__seed_31.json,docs/results/real_market_matrix/recent_cross_asset__poe_glm_5__seed_31_summary.json
recent_cross_asset,leaderboard_real_yahoo_recent_gspc_btc_btcf_weekly_v0_1,Yahoo recent GSPC/BTC/BTC futures,poe,claude-opus-4.7,7,0,1.0,0.04390939585215947,-0.054031432443877536,3.5142865338467812,0.8125,3,40,7,1.0,0.21221893205497944,5.627692662981378,0.7,10,0.9400000000000001,0.25,0.7010551149918972,sha256:28d78d5b99688fb8246c25de33d70eb25bef0c920d630aaea370f8a4981a2de8,examples/benchmark_submissions/real_market_matrix/recent_cross_asset__poe_claude_opus_4_7__seed_7.json,docs/results/real_market_matrix/recent_cross_asset__poe_claude_opus_4_7__seed_7_summary.json
recent_cross_asset,leaderboard_real_yahoo_recent_gspc_btc_btcf_weekly_v0_1,Yahoo recent GSPC/BTC/BTC futures,poe,claude-opus-4.7,11,1,0.9167,-0.014632949399846273,-0.042417256002468595,-1.9899905856657785,0.72,4,34,10,1.0,0.14746849088260938,5.6431256626263195,0.625,8,0.925,0.08333333333333337,0.6333794227192826,sha256:5d7be6f375fed388458db37b8493375fa4431b0c71424633b078c101d68d7281,examples/benchmark_submissions/real_market_matrix/recent_cross_asset__poe_claude_opus_4_7__seed_11.json,docs/results/real_market_matrix/recent_cross_asset__poe_claude_opus_4_7__seed_11_summary.json
recent_cross_asset,leaderboard_real_yahoo_recent_gspc_btc_btcf_weekly_v0_1,Yahoo recent GSPC/BTC/BTC futures,poe,claude-opus-4.7,17,2,1.0,0.018158182173011683,-0.05830833721687001,1.6160787564170909,0.8,3,31,7,1.0,0.10266920382660039,3.684710875015802,0.625,8,0.9066081343759218,0.375,0.6817834481582061,sha256:f3e3116e2730f9c224e2a65f64368089f73aa0f882a94e1bb253036d0591475e,examples/benchmark_submissions/real_market_matrix/recent_cross_asset__poe_claude_opus_4_7__seed_17.json,docs/results/real_market_matrix/recent_cross_asset__poe_claude_opus_4_7__seed_17_summary.json
recent_cross_asset,leaderboard_real_yahoo_recent_gspc_btc_btcf_weekly_v0_1,Yahoo recent GSPC/BTC/BTC futures,poe,claude-opus-4.7,23,3,1.0,-0.010120949299716742,-0.0442542912604762,-1.117423913473158,0.6538461538461539,6,35,8,1.0,0.09414508354617768,3.3304010943097793,0.625,8,0.872766501813637,0.29166666666666663,0.6505715399459842,sha256:76bd42463b57a75f69e3d3002f50f8aec6cc568d261a2f8755421b75aff4a5a4,examples/benchmark_submissions/real_market_matrix/recent_cross_asset__poe_claude_opus_4_7__seed_23.json,docs/results/real_market_matrix/recent_cross_asset__poe_claude_opus_4_7__seed_23_summary.json
recent_cross_asset,leaderboard_real_yahoo_recent_gspc_btc_btcf_weekly_v0_1,Yahoo recent GSPC/BTC/BTC futures,poe,claude-opus-4.7,31,4,1.0,-0.04294666571299777,-0.044648539063345094,-7.552697972356075,0.6956521739130435,4,33,8,1.0,-0.010312518762756628,-0.044037278444508735,0.5714285714285714,7,0.43018037249358215,0.3194444444444444,0.6857294171241894,sha256:52282c9a9d512fdc58d2416a90e15b0cf5b6c92bd4e8e707c027a9d8e53763b8,examples/benchmark_submissions/real_market_matrix/recent_cross_asset__poe_claude_opus_4_7__seed_31.json,docs/results/real_market_matrix/recent_cross_asset__poe_claude_opus_4_7__seed_31_summary.json
recent_cross_asset,leaderboard_real_yahoo_recent_gspc_btc_btcf_weekly_v0_1,Yahoo recent GSPC/BTC/BTC futures,deepseek,deepseek-v4-flash,7,0,1.0,0.005538251031219188,-0.056618626037848285,0.671755719790733,0.8275862068965517,4,37,7,1.0,0.26619841742171446,6.561280249699686,0.7,10,0.9400000000000001,0.29166666666666663,0.6804437369838344,sha256:3c681fbadada5f0bf46fa1d37623912ea6332af72327d1a9020a6bbe24cec886,examples/benchmark_submissions/real_market_matrix/recent_cross_asset__deepseek_deepseek_v4_flash__seed_7.json,docs/results/real_market_matrix/recent_cross_asset__deepseek_deepseek_v4_flash__seed_7_summary.json
recent_cross_asset,leaderboard_real_yahoo_recent_gspc_btc_btcf_weekly_v0_1,Yahoo recent GSPC/BTC/BTC futures,deepseek,deepseek-v4-flash,11,1,1.0,-0.011112171565318185,-0.056618626037848285,-1.1584080819415754,0.7857142857142857,3,37,7,1.0,0.16605111747168588,4.951171592538233,0.6666666666666666,9,0.9333333333333333,0.29166666666666663,0.6650492874017347,sha256:62847a2b522abb58940534288fadfbafd5975cbdbcf5baad5442eaf670e45759,examples/benchmark_submissions/real_market_matrix/recent_cross_asset__deepseek_deepseek_v4_flash__seed_11.json,docs/results/real_market_matrix/recent_cross_asset__deepseek_deepseek_v4_flash__seed_11_summary.json
recent_cross_asset,leaderboard_real_yahoo_recent_gspc_btc_btcf_weekly_v0_1,Yahoo recent GSPC/BTC/BTC futures,deepseek,deepseek-v4-flash,17,2,1.0,-0.011080269274944876,-0.056618626037848285,-1.1547731570035802,0.8,3,31,7,1.0,0.1808716762622935,5.706142941150857,0.75,8,0.9500000000000001,0.375,0.6796416688752713,sha256:1e387f026febbacee227ba0039137468355fe5a1757a0165e9dbeb08f0c9b873,examples/benchmark_submissions/real_market_matrix/recent_cross_asset__deepseek_deepseek_v4_flash__seed_17.json,docs/results/real_market_matrix/recent_cross_asset__deepseek_deepseek_v4_flash__seed_17_summary.json
recent_cross_asset,leaderboard_real_yahoo_recent_gspc_btc_btcf_weekly_v0_1,Yahoo recent GSPC/BTC/BTC futures,deepseek,deepseek-v4-flash,23,3,1.0,-0.10932258210706935,-0.11989906247503879,-8.970284481171284,0.7096774193548387,6,36,12,1.0,-0.1536853856371445,-2.1594304694636346,0.625,8,0.125,0.16666666666666663,0.5902084974807853,sha256:1798bc1768be5d50328fc202a4a4cdd4975e8ce252b005840603fa284f7bce8f,examples/benchmark_submissions/real_market_matrix/recent_cross_asset__deepseek_deepseek_v4_flash__seed_23.json,docs/results/real_market_matrix/recent_cross_asset__deepseek_deepseek_v4_flash__seed_23_summary.json
recent_cross_asset,leaderboard_real_yahoo_recent_gspc_btc_btcf_weekly_v0_1,Yahoo recent GSPC/BTC/BTC futures,deepseek,deepseek-v4-flash,31,4,1.0,-0.11837830112387582,-0.11989906247503879,-10.300957130953885,0.6785714285714286,6,30,12,1.0,-0.2300761507638308,-4.528928388551921,0.5714285714285714,7,0.11428571428571428,0.25,0.597502201206479,sha256:6b9d42757b1abda1b4758b22401421cea1f0cf76bc9c0c8f16578b7dc87143a4,examples/benchmark_submissions/real_market_matrix/recent_cross_asset__deepseek_deepseek_v4_flash__seed_31.json,docs/results/real_market_matrix/recent_cross_asset__deepseek_deepseek_v4_flash__seed_31_summary.json
recent_cross_asset,leaderboard_real_yahoo_recent_gspc_btc_btcf_weekly_v0_1,Yahoo recent GSPC/BTC/BTC futures,deepseek,deepseek-v4-pro,7,0,1.0,-0.005499841905285963,-0.050869846033576915,-0.5518037940012094,0.7692307692307693,5,25,11,1.0,0.37807973667797046,15.792962309048427,0.875,8,0.9750000000000001,0.18055555555555558,0.6590766211869087,sha256:956794b2c8db6a940c4a4da5ed967f3e9b4cd7e97d46a98b8277e73a45e55d67,examples/benchmark_submissions/real_market_matrix/recent_cross_asset__deepseek_deepseek_v4_pro__seed_7.json,docs/results/real_market_matrix/recent_cross_asset__deepseek_deepseek_v4_pro__seed_7_summary.json
recent_cross_asset,leaderboard_real_yahoo_recent_gspc_btc_btcf_weekly_v0_1,Yahoo recent GSPC/BTC/BTC futures,deepseek,deepseek-v4-pro,11,1,1.0,-0.022925285369932547,-0.04109049438199874,-3.9065321411556333,0.7142857142857143,3,24,10,1.0,0.022453884361022913,1.247416663372328,0.625,8,0.5899538785090207,0.11111111111111116,0.6852293953098904,sha256:a72a9fc81b7594188c74ddff29bf1ff57e4e2e46271da26f0ab1b3837b88051d,examples/benchmark_submissions/real_market_matrix/recent_cross_asset__deepseek_deepseek_v4_pro__seed_11.json,docs/results/real_market_matrix/recent_cross_asset__deepseek_deepseek_v4_pro__seed_11_summary.json
recent_cross_asset,leaderboard_real_yahoo_recent_gspc_btc_btcf_weekly_v0_1,Yahoo recent GSPC/BTC/BTC futures,deepseek,deepseek-v4-pro,17,2,1.0,-0.03822854383388996,-0.050869846033576915,-6.38391842011873,0.75,3,17,12,1.0,0.21939587821097017,17.279680959756192,1.0,5,1.0,0.09722222222222221,0.6785040806184639,sha256:6e1fb210d152ac2236214bed0ebf27e8ead73f909ed6fc8d75a21caf844876c9,examples/benchmark_submissions/real_market_matrix/recent_cross_asset__deepseek_deepseek_v4_pro__seed_17.json,docs/results/real_market_matrix/recent_cross_asset__deepseek_deepseek_v4_pro__seed_17_summary.json
recent_cross_asset,leaderboard_real_yahoo_recent_gspc_btc_btcf_weekly_v0_1,Yahoo recent GSPC/BTC/BTC futures,deepseek,deepseek-v4-pro,23,3,1.0,-0.041080283816303576,-0.050869846033576915,-7.125941278508276,0.6666666666666666,4,22,10,1.0,0.2689471315074825,17.705698516590278,1.0,5,1.0,0.25,0.6340650378401922,sha256:6e36090be7ccb6b1795d0051dbd717f9e88c61619513be558b8063c4e3e6b664,examples/benchmark_submissions/real_market_matrix/recent_cross_asset__deepseek_deepseek_v4_pro__seed_23.json,docs/results/real_market_matrix/recent_cross_asset__deepseek_deepseek_v4_pro__seed_23_summary.json
recent_cross_asset,leaderboard_real_yahoo_recent_gspc_btc_btcf_weekly_v0_1,Yahoo recent GSPC/BTC/BTC futures,deepseek,deepseek-v4-pro,31,4,1.0,-0.11837830112387582,-0.11989906247503879,-10.300957130953885,0.7391304347826086,5,18,16,1.0,-0.16344817431555503,-3.1461079238202405,0.6666666666666666,6,0.13333333333333333,0.0,0.6571289863538732,sha256:33360ef68cb91f0c48e05321eef5b68d1ea009039a70f773823e7fe4eea2d80a,examples/benchmark_submissions/real_market_matrix/recent_cross_asset__deepseek_deepseek_v4_pro__seed_31.json,docs/results/real_market_matrix/recent_cross_asset__deepseek_deepseek_v4_pro__seed_31_summary.json
recent_cross_asset,leaderboard_real_yahoo_recent_gspc_btc_btcf_weekly_v0_1,Yahoo recent GSPC/BTC/BTC futures,baseline,random,7,0,1.0,0.06919076526954648,-0.04494148910462359,4.292073187988316,0.6857142857142857,8,0,18,1.0,0.05880211652154532,5.739600809743966,0.5,8,0.8073047621734769,0.0,0.5691455158531716,sha256:f17b01957b04e4ad8361d2daf47d5ec0dfff9cbb0c14dca6fcae120d2213b386,examples/benchmark_submissions/real_market_matrix/recent_cross_asset__baseline_random__seed_7.json,docs/results/real_market_matrix/recent_cross_asset__baseline_random__seed_7_summary.json
recent_cross_asset,leaderboard_real_yahoo_recent_gspc_btc_btcf_weekly_v0_1,Yahoo recent GSPC/BTC/BTC futures,baseline,random,11,1,1.0,0.07576750598436566,-0.05455700646311501,4.558091008559601,0.7647058823529411,5,0,17,1.0,0.07043204673712022,6.431734804440835,0.5,8,0.8334721051585204,0.02777777777777779,0.6520435887138718,sha256:81e598e08f3a7645df441d4d465b5c00893f66d58ce9e85a0ed64a8509cf7f42,examples/benchmark_submissions/real_market_matrix/recent_cross_asset__baseline_random__seed_11.json,docs/results/real_market_matrix/recent_cross_asset__baseline_random__seed_11_summary.json
recent_cross_asset,leaderboard_real_yahoo_recent_gspc_btc_btcf_weekly_v0_1,Yahoo recent GSPC/BTC/BTC futures,baseline,random,17,2,1.0,0.054203746484887905,-0.027782146043636713,4.307335563996652,0.7714285714285715,5,0,18,1.0,-0.05625836130060635,-2.7880798670786118,0.375,8,0.17341868707363572,0.0,0.635025873030047,sha256:490b13bf92d9e3bb9fa0f29d0eac85ab051bdb9eb90be5ee879578ae598e9826,examples/benchmark_submissions/real_market_matrix/recent_cross_asset__baseline_random__seed_17.json,docs/results/real_market_matrix/recent_cross_asset__baseline_random__seed_17_summary.json
recent_cross_asset,leaderboard_real_yahoo_recent_gspc_btc_btcf_weekly_v0_1,Yahoo recent GSPC/BTC/BTC futures,baseline,random,23,3,1.0,-0.06349265622136036,-0.12159711245866023,-3.244550585685517,0.8285714285714286,3,0,19,1.0,-0.12983558597603506,-4.838438743738146,0.3333333333333333,9,0.06666666666666667,0.0,0.680887286574883,sha256:923a9957f19e628d1c4681cb6061a4e2fc0dfc7102b350ffa1b24229a5d64231,examples/benchmark_submissions/real_market_matrix/recent_cross_asset__baseline_random__seed_23.json,docs/results/real_market_matrix/recent_cross_asset__baseline_random__seed_23_summary.json
recent_cross_asset,leaderboard_real_yahoo_recent_gspc_btc_btcf_weekly_v0_1,Yahoo recent GSPC/BTC/BTC futures,baseline,random,31,4,1.0,0.04159240617550464,-0.053374267864245484,2.4909642856820287,0.8,3,0,17,1.0,-0.05741466977413878,-4.529084786930358,0.375,8,0.17081699300818776,0.02777777777777779,0.6439386079283645,sha256:b19cdee87bee635aafa1316d2df05095449f6b549d8a54d1331f7e23745fcc1c,examples/benchmark_submissions/real_market_matrix/recent_cross_asset__baseline_random__seed_31.json,docs/results/real_market_matrix/recent_cross_asset__baseline_random__seed_31_summary.json
recent_cross_asset,leaderboard_real_yahoo_recent_gspc_btc_btcf_weekly_v0_1,Yahoo recent GSPC/BTC/BTC futures,baseline,always-hold,7,0,1.0,0.0,0.0,0.0,0.0,0,0,0,1.0,0.0,0.0,0.0,0,0.3416666666666667,1.0,1.0,sha256:e61a71e6b1cdcdabdae52507a0336d33422736193f483de1c01ae76ee86bbb57,examples/benchmark_submissions/real_market_matrix/recent_cross_asset__baseline_always_hold__seed_7.json,docs/results/real_market_matrix/recent_cross_asset__baseline_always_hold__seed_7_summary.json
recent_cross_asset,leaderboard_real_yahoo_recent_gspc_btc_btcf_weekly_v0_1,Yahoo recent GSPC/BTC/BTC futures,baseline,always-hold,11,1,1.0,0.0,0.0,0.0,0.0,0,0,0,1.0,0.0,0.0,0.0,0,0.3416666666666667,1.0,1.0,sha256:9f03f4f1c0e4ac0c633e4b6c73b685ee78bc23c401d49400cbbb11b18433a75a,examples/benchmark_submissions/real_market_matrix/recent_cross_asset__baseline_always_hold__seed_11.json,docs/results/real_market_matrix/recent_cross_asset__baseline_always_hold__seed_11_summary.json
recent_cross_asset,leaderboard_real_yahoo_recent_gspc_btc_btcf_weekly_v0_1,Yahoo recent GSPC/BTC/BTC futures,baseline,always-hold,17,2,1.0,0.0,0.0,0.0,0.0,0,0,0,1.0,0.0,0.0,0.0,0,0.3416666666666667,1.0,1.0,sha256:61f784cac384e97886b974e740ab1662ebd20081b427a4ad85ca4d37bda8e817,examples/benchmark_submissions/real_market_matrix/recent_cross_asset__baseline_always_hold__seed_17.json,docs/results/real_market_matrix/recent_cross_asset__baseline_always_hold__seed_17_summary.json
recent_cross_asset,leaderboard_real_yahoo_recent_gspc_btc_btcf_weekly_v0_1,Yahoo recent GSPC/BTC/BTC futures,baseline,always-hold,23,3,1.0,0.0,0.0,0.0,0.0,0,0,0,1.0,0.0,0.0,0.0,0,0.3416666666666667,1.0,1.0,sha256:098a9999647aa9c942965a12d401a6b981e5aa706192ba76f93b78cb9bf3b710,examples/benchmark_submissions/real_market_matrix/recent_cross_asset__baseline_always_hold__seed_23.json,docs/results/real_market_matrix/recent_cross_asset__baseline_always_hold__seed_23_summary.json
recent_cross_asset,leaderboard_real_yahoo_recent_gspc_btc_btcf_weekly_v0_1,Yahoo recent GSPC/BTC/BTC futures,baseline,always-hold,31,4,1.0,0.0,0.0,0.0,0.0,0,0,0,1.0,0.0,0.0,0.0,0,0.3416666666666667,1.0,1.0,sha256:ff6a1c057835df2d5780284b1ee7f3df5469b5fe72dcc1b5895c821a99657205,examples/benchmark_submissions/real_market_matrix/recent_cross_asset__baseline_always_hold__seed_31.json,docs/results/real_market_matrix/recent_cross_asset__baseline_always_hold__seed_31_summary.json
rates_drawdown,leaderboard_real_yahoo_2022_gspc_btc_btcf_weekly_v0_1,Yahoo 2022 rates drawdown,poe,gpt-5.5,7,0,1.0,-0.13849449867400387,-0.185388751584192,-3.5748313314253326,0.72,5,22,5,1.0,-0.016022052874497206,-1.4046626460284264,0.6,5,0.34367839334738975,0.5555555555555556,0.6106919761643681,sha256:5872db22a33e2b834ed39a97301088d92366296f63ff23bb437d19c0e1c6d0fa,examples/benchmark_submissions/real_market_matrix/rates_drawdown__poe_gpt_5_5__seed_7.json,docs/results/real_market_matrix/rates_drawdown__poe_gpt_5_5__seed_7_summary.json
rates_drawdown,leaderboard_real_yahoo_2022_gspc_btc_btcf_weekly_v0_1,Yahoo 2022 rates drawdown,poe,gpt-5.5,11,1,1.0,-0.134286590201668,-0.196321807517565,-3.418025844972508,0.7307692307692307,4,21,5,1.0,-0.05191223623962782,-4.43008497413171,0.6,5,0.2281974684608374,0.5694444444444444,0.6309302931767795,sha256:9f33639094f774c2f0a9a896f158509ae3b1ff083b83b977e2a5bca8e0e3c29e,examples/benchmark_submissions/real_market_matrix/rates_drawdown__poe_gpt_5_5__seed_11.json,docs/results/real_market_matrix/rates_drawdown__poe_gpt_5_5__seed_11_summary.json
rates_drawdown,leaderboard_real_yahoo_2022_gspc_btc_btcf_weekly_v0_1,Yahoo 2022 rates drawdown,poe,gpt-5.5,17,2,1.0,0.02115585827537414,-0.054961035306124284,1.3975937405058774,0.7037037037037037,5,27,6,1.0,0.016809425624984664,1.277346215044697,0.6666666666666666,6,0.5873330702004895,0.45833333333333337,0.663694103362054,sha256:7b3f159e765622987b44ce741cbeec0840f668f21f3b97ad4fb8023c6b0a083e,examples/benchmark_submissions/real_market_matrix/rates_drawdown__poe_gpt_5_5__seed_17.json,docs/results/real_market_matrix/rates_drawdown__poe_gpt_5_5__seed_17_summary.json
rates_drawdown,leaderboard_real_yahoo_2022_gspc_btc_btcf_weekly_v0_1,Yahoo 2022 rates drawdown,poe,gpt-5.5,23,3,1.0,-0.06721258796822283,-0.10066507176439965,-2.7721223176816867,0.6153846153846154,7,28,5,1.0,0.0417613413107325,2.796246820235712,0.6666666666666666,6,0.7320774157962313,0.4722222222222222,0.6186233461221331,sha256:7f028c544df549aa0c3de9068f6c741c95d0132fb3a223ee826ac367818f831d,examples/benchmark_submissions/real_market_matrix/rates_drawdown__poe_gpt_5_5__seed_23.json,docs/results/real_market_matrix/rates_drawdown__poe_gpt_5_5__seed_23_summary.json
rates_drawdown,leaderboard_real_yahoo_2022_gspc_btc_btcf_weekly_v0_1,Yahoo 2022 rates drawdown,poe,gpt-5.5,31,4,1.0,-0.12281231245338775,-0.1840844914953973,-3.3211216942306154,0.7857142857142857,6,24,10,1.0,-0.026079847040449633,-0.9980018051224384,0.5714285714285714,7,0.3390559531458937,0.38888888888888884,0.6727285065425859,sha256:bbf88fa62999a501592cbc262422935b190a60f600b355d1b056c532cd6a2fca,examples/benchmark_submissions/real_market_matrix/rates_drawdown__poe_gpt_5_5__seed_31.json,docs/results/real_market_matrix/rates_drawdown__poe_gpt_5_5__seed_31_summary.json
rates_drawdown,leaderboard_real_yahoo_2022_gspc_btc_btcf_weekly_v0_1,Yahoo 2022 rates drawdown,poe,gemini-3.1-pro,7,0,1.0,-0.13847257847278582,-0.185368024563352,-3.574107199655091,0.68,6,21,5,1.0,-0.025798077757611226,-2.5206728327637604,0.6,5,0.28695432504537477,0.5694444444444444,0.584786581115815,sha256:292c6fde1882bb9ccd9b5932978aa731488fab1fcc39d10181e56e4a7c19f682,examples/benchmark_submissions/real_market_matrix/rates_drawdown__poe_gemini_3_1_pro__seed_7.json,docs/results/real_market_matrix/rates_drawdown__poe_gemini_3_1_pro__seed_7_summary.json
rates_drawdown,leaderboard_real_yahoo_2022_gspc_btc_btcf_weekly_v0_1,Yahoo 2022 rates drawdown,poe,gemini-3.1-pro,11,1,1.0,-0.134286590201668,-0.196321807517565,-3.418025844972508,0.7307692307692307,4,21,6,1.0,-0.05621352737214813,-4.868576346589561,0.6,5,0.2185195634126667,0.5416666666666667,0.6309302931767795,sha256:5a4b4ac82a0d0da517fbbe4d8f95a0a10c4010b2722b7a28e4b37f6054f9bc6f,examples/benchmark_submissions/real_market_matrix/rates_drawdown__poe_gemini_3_1_pro__seed_11.json,docs/results/real_market_matrix/rates_drawdown__poe_gemini_3_1_pro__seed_11_summary.json
rates_drawdown,leaderboard_real_yahoo_2022_gspc_btc_btcf_weekly_v0_1,Yahoo 2022 rates drawdown,poe,gemini-3.1-pro,17,2,1.0,0.025622787673017955,-0.054961035306124284,1.6530287321447412,0.6538461538461539,6,22,6,1.0,0.04771280367132791,4.517362806540664,0.6666666666666666,6,0.8156871415938212,0.5277777777777778,0.6443021421417515,sha256:5ea4bfedc3de266b2a62f83f1c5d1f154f11f8a283ab571c5d4c5c190a9d5343,examples/benchmark_submissions/real_market_matrix/rates_drawdown__poe_gemini_3_1_pro__seed_17.json,docs/results/real_market_matrix/rates_drawdown__poe_gemini_3_1_pro__seed_17_summary.json
rates_drawdown,leaderboard_real_yahoo_2022_gspc_btc_btcf_weekly_v0_1,Yahoo 2022 rates drawdown,poe,gemini-3.1-pro,23,3,1.0,-0.1277030373622986,-0.18506632132249334,-3.5386192714733915,0.5769230769230769,8,22,7,1.0,0.06129699966779523,3.913132812512786,0.6666666666666666,6,0.8411843299824517,0.5,0.6103890806312038,sha256:95fb805c99219cab83f4c8632a3f576ee60a1668b794b5a80897dbee947df697,examples/benchmark_submissions/real_market_matrix/rates_drawdown__poe_gemini_3_1_pro__seed_23.json,docs/results/real_market_matrix/rates_drawdown__poe_gemini_3_1_pro__seed_23_summary.json
rates_drawdown,leaderboard_real_yahoo_2022_gspc_btc_btcf_weekly_v0_1,Yahoo 2022 rates drawdown,poe,gemini-3.1-pro,31,4,1.0,-0.05767939386138954,-0.08806340944077473,-2.5927832796623402,0.8095238095238095,4,18,4,1.0,-0.029123198127332883,-1.7480195035046198,0.5,6,0.2741716665090649,0.6388888888888888,0.71983280440388,sha256:7ddf880bf3ecc2f57562998f61359fc5b456f3afe44293c1867c492a972c66e6,examples/benchmark_submissions/real_market_matrix/rates_drawdown__poe_gemini_3_1_pro__seed_31.json,docs/results/real_market_matrix/rates_drawdown__poe_gemini_3_1_pro__seed_31_summary.json
rates_drawdown,leaderboard_real_yahoo_2022_gspc_btc_btcf_weekly_v0_1,Yahoo 2022 rates drawdown,poe,kimi-k2.5,7,0,1.0,-0.12578731020932532,-0.1755132621389076,-3.2150726973826877,0.68,7,18,5,1.0,-0.06318100312330477,-5.3921742972880375,0.3333333333333333,6,0.14950940963923093,0.6111111111111112,0.5859181865070551,sha256:5e0395334c9d4444fe13204f3141b699128fd402543589373c5f872d09d78683,examples/benchmark_submissions/real_market_matrix/rates_drawdown__poe_kimi_k2_5__seed_7.json,docs/results/real_market_matrix/rates_drawdown__poe_kimi_k2_5__seed_7_summary.json
rates_drawdown,leaderboard_real_yahoo_2022_gspc_btc_btcf_weekly_v0_1,Yahoo 2022 rates drawdown,poe,kimi-k2.5,11,1,1.0,-0.14197713780200827,-0.20396419877772187,-3.580036225879973,0.6296296296296297,7,25,7,1.0,-0.05075175687352995,-3.169769678628968,0.5714285714285714,7,0.22509426132027188,0.45833333333333337,0.5700450194125379,sha256:0bc65cff62d0375547027e0891a449ce57dcd151cfd5a3e4691c4f14b142dbb3,examples/benchmark_submissions/real_market_matrix/rates_drawdown__poe_kimi_k2_5__seed_11.json,docs/results/real_market_matrix/rates_drawdown__poe_kimi_k2_5__seed_11_summary.json
rates_drawdown,leaderboard_real_yahoo_2022_gspc_btc_btcf_weekly_v0_1,Yahoo 2022 rates drawdown,poe,kimi-k2.5,17,2,1.0,0.025622787673017955,-0.054961035306124284,1.6530287321447412,0.6296296296296297,7,23,6,1.0,0.03162204552766745,2.1782053703718183,0.5714285714285714,7,0.6541639633279889,0.5138888888888888,0.6307693786089882,sha256:8f36b888685c5032ed7de3a2ecf80081464f6378de074f23fe3ef2af50ed648b,examples/benchmark_submissions/real_market_matrix/rates_drawdown__poe_kimi_k2_5__seed_17.json,docs/results/real_market_matrix/rates_drawdown__poe_kimi_k2_5__seed_17_summary.json
rates_drawdown,leaderboard_real_yahoo_2022_gspc_btc_btcf_weekly_v0_1,Yahoo 2022 rates drawdown,poe,kimi-k2.5,23,3,1.0,-0.06737451501381486,-0.10082585424208401,-2.77875787084019,0.6428571428571429,7,30,5,1.0,0.028049809227193467,1.6276944232613229,0.625,8,0.6247275787847625,0.4444444444444444,0.630421900947562,sha256:243b6ff130f2da101d196e36bfc304968cbbce2b02f61eb7202cb401cf29cea7,examples/benchmark_submissions/real_market_matrix/rates_drawdown__poe_kimi_k2_5__seed_23.json,docs/results/real_market_matrix/rates_drawdown__poe_kimi_k2_5__seed_23_summary.json
rates_drawdown,leaderboard_real_yahoo_2022_gspc_btc_btcf_weekly_v0_1,Yahoo 2022 rates drawdown,poe,kimi-k2.5,31,4,1.0,-0.05271609469049188,-0.09940210322274345,-1.9995283540389317,0.8461538461538461,3,19,4,1.0,-0.11140039757610165,-4.819927961585557,0.5714285714285714,7,0.11428571428571428,0.625,0.727821022779741,sha256:92023a00f17d034051c434acf28cc6513f0c07e034e2d383299851515c88ed7e,examples/benchmark_submissions/real_market_matrix/rates_drawdown__poe_kimi_k2_5__seed_31.json,docs/results/real_market_matrix/rates_drawdown__poe_kimi_k2_5__seed_31_summary.json
rates_drawdown,leaderboard_real_yahoo_2022_gspc_btc_btcf_weekly_v0_1,Yahoo 2022 rates drawdown,poe,glm-5,7,0,1.0,-0.1385129783678416,-0.18540622537448614,-3.575441761491815,0.72,5,23,5,1.0,-0.033716818436826945,-3.1726713613151576,0.6,5,0.2691371585171394,0.5416666666666667,0.6249617654163662,sha256:a4b9ecae134cf82e08792e02ec69caa87a3f1b9cde96f60f71babf0472f5302e,examples/benchmark_submissions/real_market_matrix/rates_drawdown__poe_glm_5__seed_7.json,docs/results/real_market_matrix/rates_drawdown__poe_glm_5__seed_7_summary.json
rates_drawdown,leaderboard_real_yahoo_2022_gspc_btc_btcf_weekly_v0_1,Yahoo 2022 rates drawdown,poe,glm-5,11,1,1.0,-0.134286590201668,-0.196321807517565,-3.418025844972508,0.7307692307692307,4,23,5,1.0,-0.05429481000763803,-4.616813793031846,0.6,5,0.22283667748281444,0.5416666666666667,0.6309302931767795,sha256:26e5eb0a630593e6c1ad5fb3383fc32e0ef3c9d526c30badfabe9c52d14112f3,examples/benchmark_submissions/real_market_matrix/rates_drawdown__poe_glm_5__seed_11.json,docs/results/real_market_matrix/rates_drawdown__poe_glm_5__seed_11_summary.json
rates_drawdown,leaderboard_real_yahoo_2022_gspc_btc_btcf_weekly_v0_1,Yahoo 2022 rates drawdown,poe,glm-5,17,2,1.0,0.02115585827537414,-0.054961035306124284,1.3975937405058774,0.7037037037037037,5,27,6,1.0,0.005877784676423303,0.6415846517289013,0.6666666666666666,6,0.525650786872805,0.45833333333333337,0.663694103362054,sha256:4954717bfa810f0fa079609f0928deb6ddeb4067ca14f40144a6f41b2544f12b,examples/benchmark_submissions/real_market_matrix/rates_drawdown__poe_glm_5__seed_17.json,docs/results/real_market_matrix/rates_drawdown__poe_glm_5__seed_17_summary.json
rates_drawdown,leaderboard_real_yahoo_2022_gspc_btc_btcf_weekly_v0_1,Yahoo 2022 rates drawdown,poe,glm-5,23,3,0.9167,0.02018179197191783,-0.054961035306124284,1.34172916465153,0.6666666666666666,5,27,8,1.0,-0.01382497561446816,-0.6887650900200153,0.6,5,0.39038250794961243,0.23611111111111116,0.6533082230239653,sha256:0876e7751807f8bb022bdeba8ad3c4146e69658500633513908246bf19875c3a,examples/benchmark_submissions/real_market_matrix/rates_drawdown__poe_glm_5__seed_23.json,docs/results/real_market_matrix/rates_drawdown__poe_glm_5__seed_23_summary.json
rates_drawdown,leaderboard_real_yahoo_2022_gspc_btc_btcf_weekly_v0_1,Yahoo 2022 rates drawdown,poe,glm-5,31,4,0.9167,-0.12281231245338775,-0.1840844914953973,-3.3211216942306154,0.7857142857142857,6,24,13,1.0,-0.09639204811428714,-3.980928258682413,0.5714285714285714,7,0.12240360602856822,0.13888888888888884,0.6727285065425859,sha256:2e43162b667af37195ee0d9073762bd1b9df1ff950930d800d052a4a5c63445c,examples/benchmark_submissions/real_market_matrix/rates_drawdown__poe_glm_5__seed_31.json,docs/results/real_market_matrix/rates_drawdown__poe_glm_5__seed_31_summary.json
rates_drawdown,leaderboard_real_yahoo_2022_gspc_btc_btcf_weekly_v0_1,Yahoo 2022 rates drawdown,poe,claude-opus-4.7,7,0,1.0,-0.13849449867400387,-0.185388751584192,-3.5748313314253326,0.72,5,22,5,1.0,-0.02108362899448668,-1.8755784082812725,0.6,5,0.3048197609459974,0.5555555555555556,0.609375931284825,sha256:a9db83b7afa7e61668ee0989d4699d560aec4cf51c7c949bf17014c37c2f4484,examples/benchmark_submissions/real_market_matrix/rates_drawdown__poe_claude_opus_4_7__seed_7.json,docs/results/real_market_matrix/rates_drawdown__poe_claude_opus_4_7__seed_7_summary.json
rates_drawdown,leaderboard_real_yahoo_2022_gspc_btc_btcf_weekly_v0_1,Yahoo 2022 rates drawdown,poe,claude-opus-4.7,11,1,1.0,-0.134286590201668,-0.196321807517565,-3.418025844972508,0.7307692307692307,4,23,5,1.0,-0.043116771004840126,-3.7004165497268904,0.6,5,0.24798726523910972,0.5416666666666667,0.6309302931767795,sha256:22ab171611c072826b238ce1cc15c171366fe58b1351d19c1aafc488f5afdbef,examples/benchmark_submissions/real_market_matrix/rates_drawdown__poe_claude_opus_4_7__seed_11.json,docs/results/real_market_matrix/rates_drawdown__poe_claude_opus_4_7__seed_11_summary.json
rates_drawdown,leaderboard_real_yahoo_2022_gspc_btc_btcf_weekly_v0_1,Yahoo 2022 rates drawdown,poe,claude-opus-4.7,17,2,1.0,0.02069584328583196,-0.054961035306124284,1.3714350196681424,0.75,4,28,6,1.0,0.015924319118530095,1.1316039279270693,0.7142857142857143,7,0.5863637566695814,0.4444444444444444,0.7078295615275831,sha256:f4dee12a74b88dfe881a0619657ab3c063f84ddbbb28985199352651b4595769,examples/benchmark_submissions/real_market_matrix/rates_drawdown__poe_claude_opus_4_7__seed_17.json,docs/results/real_market_matrix/rates_drawdown__poe_claude_opus_4_7__seed_17_summary.json
rates_drawdown,leaderboard_real_yahoo_2022_gspc_btc_btcf_weekly_v0_1,Yahoo 2022 rates drawdown,poe,claude-opus-4.7,23,3,1.0,-0.04726028464035159,-0.07604743400449587,-2.1381390482293305,0.7037037037037037,5,27,6,1.0,0.011885550723585547,0.9789385537596672,0.6666666666666666,6,0.5588472380973815,0.45833333333333337,0.659815568147873,sha256:b70991c0a0979efb854bb5996cf35f26280300d10f296751125c401d5d77905b,examples/benchmark_submissions/real_market_matrix/rates_drawdown__poe_claude_opus_4_7__seed_23.json,docs/results/real_market_matrix/rates_drawdown__poe_claude_opus_4_7__seed_23_summary.json
rates_drawdown,leaderboard_real_yahoo_2022_gspc_btc_btcf_weekly_v0_1,Yahoo 2022 rates drawdown,poe,claude-opus-4.7,31,4,1.0,-0.10388793083408077,-0.16193299206149503,-3.0955265033955297,0.8214285714285714,5,23,10,1.0,-0.07162921055326055,-2.771907686863938,0.5714285714285714,7,0.17811999054087807,0.4027777777777778,0.7049404721801735,sha256:2d83546bf33def821d608c3e9ffbca0890738f76fd920573f152517e0ee15375,examples/benchmark_submissions/real_market_matrix/rates_drawdown__poe_claude_opus_4_7__seed_31.json,docs/results/real_market_matrix/rates_drawdown__poe_claude_opus_4_7__seed_31_summary.json
rates_drawdown,leaderboard_real_yahoo_2022_gspc_btc_btcf_weekly_v0_1,Yahoo 2022 rates drawdown,deepseek,deepseek-v4-flash,7,0,1.0,-0.16005308929434525,-0.20577384534423304,-4.144856262446209,0.7272727272727273,4,19,4,1.0,-0.009576681451252234,-0.8619660888673213,0.6,5,0.38983777821742205,0.625,0.6462203282398113,sha256:ea5d4d3b4eff3796378b50b0623ab6f26fee4a241cc341ae52993ec833e8e809,examples/benchmark_submissions/real_market_matrix/rates_drawdown__deepseek_deepseek_v4_flash__seed_7.json,docs/results/real_market_matrix/rates_drawdown__deepseek_deepseek_v4_flash__seed_7_summary.json
rates_drawdown,leaderboard_real_yahoo_2022_gspc_btc_btcf_weekly_v0_1,Yahoo 2022 rates drawdown,deepseek,deepseek-v4-flash,11,1,1.0,-0.10137530373320403,-0.1657688751939127,-2.527299562035338,0.8518518518518519,1,25,5,1.0,-0.26263084634094314,-7.86062616201662,0.5,6,0.1,0.5138888888888888,0.7749025244565855,sha256:b89707bd849277cdf8776f4af235d603a67b961bf7d6ef717147e60427e000aa,examples/benchmark_submissions/real_market_matrix/rates_drawdown__deepseek_deepseek_v4_flash__seed_11.json,docs/results/real_market_matrix/rates_drawdown__deepseek_deepseek_v4_flash__seed_11_summary.json
rates_drawdown,leaderboard_real_yahoo_2022_gspc_btc_btcf_weekly_v0_1,Yahoo 2022 rates drawdown,deepseek,deepseek-v4-flash,17,2,1.0,0.02115585827537414,-0.054961035306124284,1.3975937405058774,0.7037037037037037,5,27,6,1.0,0.014181023476870225,1.113150577020067,0.6666666666666666,6,0.5718410864824619,0.45833333333333337,0.663694103362054,sha256:f2dfd5a8b6238186f04f9d9f8f464d49ac255527360b6ae73b2e38e7f196611c,examples/benchmark_submissions/real_market_matrix/rates_drawdown__deepseek_deepseek_v4_flash__seed_17.json,docs/results/real_market_matrix/rates_drawdown__deepseek_deepseek_v4_flash__seed_17_summary.json
rates_drawdown,leaderboard_real_yahoo_2022_gspc_btc_btcf_weekly_v0_1,Yahoo 2022 rates drawdown,deepseek,deepseek-v4-flash,23,3,1.0,-0.08966972482301283,-0.10575028910559903,-3.8308346836696145,0.6086956521739131,6,24,5,1.0,0.04142257753398937,2.704454877711932,0.6666666666666666,6,0.7259606673180055,0.5277777777777778,0.6293525246987064,sha256:e1889c42a03e98b5be5b91bf45ad1c3ee83d296f9ffbc78e1f0fc94fbf7cd17b,examples/benchmark_submissions/real_market_matrix/rates_drawdown__deepseek_deepseek_v4_flash__seed_23.json,docs/results/real_market_matrix/rates_drawdown__deepseek_deepseek_v4_flash__seed_23_summary.json
rates_drawdown,leaderboard_real_yahoo_2022_gspc_btc_btcf_weekly_v0_1,Yahoo 2022 rates drawdown,deepseek,deepseek-v4-flash,31,4,1.0,-0.1346112095145081,-0.19426849565834592,-3.4403649975354567,0.88,3,22,7,1.0,-0.277540181641852,-6.2454875665110805,0.5,8,0.1,0.5,0.6603281413661934,sha256:f08bc58ea95057405e8ea3d7cef8f00b6560b9ab6d91816c3626b1f2b5a2e463,examples/benchmark_submissions/real_market_matrix/rates_drawdown__deepseek_deepseek_v4_flash__seed_31.json,docs/results/real_market_matrix/rates_drawdown__deepseek_deepseek_v4_flash__seed_31_summary.json
rates_drawdown,leaderboard_real_yahoo_2022_gspc_btc_btcf_weekly_v0_1,Yahoo 2022 rates drawdown,deepseek,deepseek-v4-pro,7,0,1.0,-0.1385129783678416,-0.18540622537448614,-3.575441761491815,0.72,5,23,5,1.0,-0.025415617967458726,-2.294340349429956,0.6,5,0.28781485957321784,0.5416666666666667,0.6249617654163662,sha256:c7d453e149555ca531d1cd714e83c6014307d56f879e09ca958b20c5d07a7490,examples/benchmark_submissions/real_market_matrix/rates_drawdown__deepseek_deepseek_v4_pro__seed_7.json,docs/results/real_market_matrix/rates_drawdown__deepseek_deepseek_v4_pro__seed_7_summary.json
rates_drawdown,leaderboard_real_yahoo_2022_gspc_btc_btcf_weekly_v0_1,Yahoo 2022 rates drawdown,deepseek,deepseek-v4-pro,11,1,1.0,-0.134286590201668,-0.196321807517565,-3.418025844972508,0.7307692307692307,4,23,5,1.0,-0.06037491771704129,-4.830482528768903,0.6,5,0.2091564351366571,0.5416666666666667,0.6309302931767795,sha256:569966a71c3dfc2daf35bee61204dd10b428f29d1d65c9308ec553a4b62b4571,examples/benchmark_submissions/real_market_matrix/rates_drawdown__deepseek_deepseek_v4_pro__seed_11.json,docs/results/real_market_matrix/rates_drawdown__deepseek_deepseek_v4_pro__seed_11_summary.json
rates_drawdown,leaderboard_real_yahoo_2022_gspc_btc_btcf_weekly_v0_1,Yahoo 2022 rates drawdown,deepseek,deepseek-v4-pro,17,2,1.0,0.0012416167890365593,-0.054961035306124284,0.24895431630414344,0.6666666666666666,5,23,7,1.0,0.017485262545427593,1.3335489202212871,0.6666666666666666,6,0.5921321944067872,0.4305555555555556,0.6777001507171642,sha256:0a4a0fab532eadafa8478075e92fc69b338fed601e3868186dd33d6ae32e31ac,examples/benchmark_submissions/real_market_matrix/rates_drawdown__deepseek_deepseek_v4_pro__seed_17.json,docs/results/real_market_matrix/rates_drawdown__deepseek_deepseek_v4_pro__seed_17_summary.json
rates_drawdown,leaderboard_real_yahoo_2022_gspc_btc_btcf_weekly_v0_1,Yahoo 2022 rates drawdown,deepseek,deepseek-v4-pro,23,3,1.0,-0.02028210033138078,-0.05272081137380491,-1.365659793990468,0.6,5,23,6,1.0,0.032402029141114674,2.649955476430226,0.6666666666666666,6,0.7024853016926045,0.4027777777777778,0.6481325216509009,sha256:fea519cd8389993a75dc41fa894adb03bb374ef8d64cd348e828304c81f60612,examples/benchmark_submissions/real_market_matrix/rates_drawdown__deepseek_deepseek_v4_pro__seed_23.json,docs/results/real_market_matrix/rates_drawdown__deepseek_deepseek_v4_pro__seed_23_summary.json
rates_drawdown,leaderboard_real_yahoo_2022_gspc_btc_btcf_weekly_v0_1,Yahoo 2022 rates drawdown,deepseek,deepseek-v4-pro,31,4,1.0,-0.014423926637310625,-0.05293370324264335,-0.9389030240950723,0.7619047619047619,5,18,7,1.0,-0.0456426069600161,-1.8518750322600006,0.6666666666666666,6,0.26427809079146375,0.38888888888888884,0.7146334409415962,sha256:a378c6db80c2cbd502b9f1113eeb6137d145074ba54f27a7092f413a645f03c2,examples/benchmark_submissions/real_market_matrix/rates_drawdown__deepseek_deepseek_v4_pro__seed_31.json,docs/results/real_market_matrix/rates_drawdown__deepseek_deepseek_v4_pro__seed_31_summary.json
rates_drawdown,leaderboard_real_yahoo_2022_gspc_btc_btcf_weekly_v0_1,Yahoo 2022 rates drawdown,baseline,random,7,0,1.0,-0.06954869661031426,-0.1115978965989346,-2.8424426291502116,0.7428571428571429,6,0,18,1.0,0.009155992797445833,0.7698849226398449,0.625,8,0.5321776042815773,0.0,0.6028902805423961,sha256:480274e4c362e189011e2b908c978a44aae67cc60c52e58c5d72c81eb20352d2,examples/benchmark_submissions/real_market_matrix/rates_drawdown__baseline_random__seed_7.json,docs/results/real_market_matrix/rates_drawdown__baseline_random__seed_7_summary.json
rates_drawdown,leaderboard_real_yahoo_2022_gspc_btc_btcf_weekly_v0_1,Yahoo 2022 rates drawdown,baseline,random,11,1,1.0,0.07211065554151874,-0.022573242770756896,4.4351273752449245,0.7352941176470589,6,0,17,1.0,-0.05112438699992905,-2.1036826695449173,0.625,8,0.23497012925015964,0.02777777777777779,0.6555964193418105,sha256:7aa11e67f69ac91c26333c66126c35925ee3b1caf5c27830a528206aab38b2ab,examples/benchmark_submissions/real_market_matrix/rates_drawdown__baseline_random__seed_11.json,docs/results/real_market_matrix/rates_drawdown__baseline_random__seed_11_summary.json
rates_drawdown,leaderboard_real_yahoo_2022_gspc_btc_btcf_weekly_v0_1,Yahoo 2022 rates drawdown,baseline,random,17,2,1.0,-0.10610974304344589,-0.15847686457994725,-3.361553522292896,0.8,4,0,17,1.0,-0.048119538419472474,-1.877882381087678,0.625,8,0.2488545663260724,0.02777777777777779,0.6966570324255735,sha256:6a1d2a467cd8f4ba8686c350a869757c01a54d2d1971fb44058111756acf0c09,examples/benchmark_submissions/real_market_matrix/rates_drawdown__baseline_random__seed_17.json,docs/results/real_market_matrix/rates_drawdown__baseline_random__seed_17_summary.json
rates_drawdown,leaderboard_real_yahoo_2022_gspc_btc_btcf_weekly_v0_1,Yahoo 2022 rates drawdown,baseline,random,23,3,1.0,-0.0981748938125574,-0.17320318002112656,-2.9121178433207784,0.6764705882352942,8,0,16,1.0,0.010092022349780017,0.7422827720264975,0.7777777777777778,9,0.5632291008774396,0.05555555555555558,0.6551260615598149,sha256:40ca7e76523ad47f72bd496a7da8340772e582349d8838ac623e59f992ee90ef,examples/benchmark_submissions/real_market_matrix/rates_drawdown__baseline_random__seed_23.json,docs/results/real_market_matrix/rates_drawdown__baseline_random__seed_23_summary.json
rates_drawdown,leaderboard_real_yahoo_2022_gspc_btc_btcf_weekly_v0_1,Yahoo 2022 rates drawdown,baseline,random,31,4,1.0,0.04155571352298448,-0.046334816202907914,2.198972329935692,0.8333333333333334,2,0,15,1.0,-0.05178327024726548,-1.6905813775128904,0.625,8,0.25153706158873407,0.08333333333333337,0.667555316624457,sha256:9661fd5891a5da906dc8ade2d2fa80d64129dba22794df31e618ed2d2b60d6a3,examples/benchmark_submissions/real_market_matrix/rates_drawdown__baseline_random__seed_31.json,docs/results/real_market_matrix/rates_drawdown__baseline_random__seed_31_summary.json
rates_drawdown,leaderboard_real_yahoo_2022_gspc_btc_btcf_weekly_v0_1,Yahoo 2022 rates drawdown,baseline,always-hold,7,0,1.0,0.0,0.0,0.0,0.0,0,0,0,1.0,0.0,0.0,0.0,0,0.3416666666666667,1.0,1.0,sha256:bb97d5793bbfb0ef392f9919a89164f9cc18106a6d1457ef0f56ceb39a1b0f3f,examples/benchmark_submissions/real_market_matrix/rates_drawdown__baseline_always_hold__seed_7.json,docs/results/real_market_matrix/rates_drawdown__baseline_always_hold__seed_7_summary.json
rates_drawdown,leaderboard_real_yahoo_2022_gspc_btc_btcf_weekly_v0_1,Yahoo 2022 rates drawdown,baseline,always-hold,11,1,1.0,0.0,0.0,0.0,0.0,0,0,0,1.0,0.0,0.0,0.0,0,0.3416666666666667,1.0,1.0,sha256:f85e3b63f63cbce7b774bc6b780b1af15b5edf5d0ca93c3f6a25264e50b9c9ab,examples/benchmark_submissions/real_market_matrix/rates_drawdown__baseline_always_hold__seed_11.json,docs/results/real_market_matrix/rates_drawdown__baseline_always_hold__seed_11_summary.json
rates_drawdown,leaderboard_real_yahoo_2022_gspc_btc_btcf_weekly_v0_1,Yahoo 2022 rates drawdown,baseline,always-hold,17,2,1.0,0.0,0.0,0.0,0.0,0,0,0,1.0,0.0,0.0,0.0,0,0.3416666666666667,1.0,1.0,sha256:14330dea416c278668f1e7849a9fdbfeeb57db6f3f7d1ba51d2c1e3d88b8cf0a,examples/benchmark_submissions/real_market_matrix/rates_drawdown__baseline_always_hold__seed_17.json,docs/results/real_market_matrix/rates_drawdown__baseline_always_hold__seed_17_summary.json
rates_drawdown,leaderboard_real_yahoo_2022_gspc_btc_btcf_weekly_v0_1,Yahoo 2022 rates drawdown,baseline,always-hold,23,3,1.0,0.0,0.0,0.0,0.0,0,0,0,1.0,0.0,0.0,0.0,0,0.3416666666666667,1.0,1.0,sha256:ed60bebc2bac4e1f1ea4b9e66ef561a009c46d57a1b154c1db3cfa08e6c40efb,examples/benchmark_submissions/real_market_matrix/rates_drawdown__baseline_always_hold__seed_23.json,docs/results/real_market_matrix/rates_drawdown__baseline_always_hold__seed_23_summary.json
rates_drawdown,leaderboard_real_yahoo_2022_gspc_btc_btcf_weekly_v0_1,Yahoo 2022 rates drawdown,baseline,always-hold,31,4,1.0,0.0,0.0,0.0,0.0,0,0,0,1.0,0.0,0.0,0.0,0,0.3416666666666667,1.0,1.0,sha256:493b31723e1aa3dcba513cf51cfd783c22aae061c622a34b572f305ab377f653,examples/benchmark_submissions/real_market_matrix/rates_drawdown__baseline_always_hold__seed_31.json,docs/results/real_market_matrix/rates_drawdown__baseline_always_hold__seed_31_summary.json
